Source,Target,Type,FileType,Line
artifacts/PR_COMMENT_TEMPLATE.md,./artifacts/REVIEWER_CHECKLIST.md,markdown-link,markdown,28
docs/BossCat/EXECUTIVE_SUMMARY.md,../../AGENTS.md,markdown-link,markdown,351
docs/BossCat/IONA_COMMIT_MESSAGES.md,./IONA_ECRR_REPORT.md,markdown-link,markdown,319
docs/BossCat/IONA_COMMIT_MESSAGES.md,./IONA_SETUP_GUIDE.md,markdown-link,markdown,320
docs/BossCat/IONA_COMMIT_MESSAGES.md,./README.md,markdown-link,markdown,321
docs/BossCat/IONA_COMMIT_MESSAGES.md,../../docs/COMMIT_GUIDE.md,markdown-link,markdown,322
docs/BossCat/IONA_ENV_TEMPLATE.md,./IONA_SETUP_GUIDE.md,markdown-link,markdown,237
docs/BossCat/IONA_ENV_TEMPLATE.md,./IONA_ECRR_REPORT.md,markdown-link,markdown,238
docs/BossCat/IONA_ENV_TEMPLATE.md,../../lib/telemetry/iona-telemetry.ts,markdown-link,markdown,239
docs/BossCat/IONA_SETUP_GUIDE.md,./IONA_ECRR_REPORT.md,markdown-link,markdown,382
docs/BossCat/IONA_SETUP_GUIDE.md,./README.md,markdown-link,markdown,383
docs/BossCat/IONA_SETUP_GUIDE.md,../agents/bosscat/ECRR_REPORT_TEMPLATE.md,markdown-link,markdown,384
docs/BossCat/IONA_SETUP_GUIDE.md,../../scripts/iona-snapshot.spec.ts,markdown-link,markdown,387
docs/BossCat/IONA_SETUP_GUIDE.md,../../synthetic/send_iona_boot_span.py,markdown-link,markdown,388
docs/BossCat/IONA_SETUP_GUIDE.md,../../scripts/verify-iona-gate.ps1,markdown-link,markdown,389
docs/BossCat/IONA_SETUP_GUIDE.md,../../workflows/iona-gate-verify.yml,markdown-link,markdown,392
docs/BossCat/IONA_SETUP_GUIDE.md,../../config.yaml,markdown-link,markdown,393
docs/BossCat/IONA_SETUP_GUIDE.md,../../docker-compose-signoz.yml,markdown-link,markdown,394
docs/BossCat/IONA_SETUP_GUIDE.md,./IONA_ECRR_REPORT.md,markdown-link,markdown,402
docs/BossCat/PROJECT_HUB_USER_GUIDE.md,../../README.md,markdown-link,markdown,329
docs/BossCat/PROJECT_HUB_USER_GUIDE.md,../../AGENTS.md,markdown-link,markdown,332
docs/BossCat/PROJECT_HUB_USER_GUIDE.md,../comfort-cat/README.md,markdown-link,markdown,333
docs/BossCat/PROJECT_HUB_USER_GUIDE.md,../cohort-onboarding.md,markdown-link,markdown,359
docs/BossCat/PROJECT_HUB_USER_GUIDE.md,../../AGENTS.md,markdown-link,markdown,365
docs/BossCat/SECURITY_MAINTENANCE_MASTER_GUIDE.md,../../AGENTS.md,markdown-link,markdown,29
docs/BossCat/SECURITY_MAINTENANCE_MASTER_GUIDE.md,../../SECURITY_REMEDIATION.md,markdown-link,markdown,30
docs/ECRR_REPORTS/2025-09-22-post-merge-validation.md,../../artifacts/resonai-session-2025-09-22.json,markdown-link,markdown,36
docs/ECRR_REPORTS/2025-09-22-post-merge-validation.md,../../artifacts/resonai-session-2025-09-22.json,markdown-link,markdown,94
docs/ECRR_REPORTS/archive/2025-09-22-ecrr-01-gate-validation.md,../../artifacts/ecrr-01-playwright-isolation.json,markdown-link,markdown,33
docs/ECRR_REPORTS/archive/2025-09-22-ecrr-01-gate-validation.md,../../artifacts/ecrr-01-playwright-offline.json,markdown-link,markdown,34
docs/ECRR_REPORTS/archive/2025-09-22-ecrr-01-gate-validation.md,../../artifacts/ecrr-01-playwright-isolation.json,markdown-link,markdown,90
docs/ECRR_REPORTS/archive/2025-09-22-ecrr-01-gate-validation.md,../../artifacts/ecrr-01-playwright-offline.json,markdown-link,markdown,91
docs/ECRR_REPORTS/archive/2025-09-29-ecrr-01-consolidated.archived-2025-10-02_00-47-15.md,../../artifacts/ecrr-01-playwright-isolation.json,markdown-link,markdown,968
docs/ECRR_REPORTS/archive/2025-09-29-ecrr-01-consolidated.archived-2025-10-02_00-47-15.md,../../artifacts/ecrr-01-playwright-offline.json,markdown-link,markdown,969
docs/ECRR_REPORTS/archive/2025-09-29-ecrr-01-consolidated.archived-2025-10-02_00-47-15.md,../../artifacts/ecrr-01-playwright-isolation.json,markdown-link,markdown,1025
docs/ECRR_REPORTS/archive/2025-09-29-ecrr-01-consolidated.archived-2025-10-02_00-47-15.md,../../artifacts/ecrr-01-playwright-offline.json,markdown-link,markdown,1026
docs/LAST_MILE_COMPLETE.md,../docs/ecrr/GATE_STATUS.md,markdown-link,markdown,132
docs/LAST_MILE_COMPLETE.md,../docs/IONA_ERRORS.md,markdown-link,markdown,133
docs/LEFTHOOK_SETUP.md,./REPO_HYGIENE.md,markdown-link,markdown,179
docs/RUNBOOK_INDEX.md,../ON_CALL_RUNBOOK.md,markdown-link,markdown,25
docs/RUNBOOK_INDEX.md,../ECRR_PROJECT_REPORT.md,markdown-link,markdown,61
docs/RUNBOOK_INDEX.md,../ON_CALL_RUNBOOK.md,markdown-link,markdown,105
docs/WIRING_GUIDE.md,../MONITORING_SETUP_GUIDE.md,markdown-link,markdown,447
docs/archive/README.md,../observability/SIGNOZ_RUNBOOK_BUNDLE.md,markdown-link,markdown,46
docs/archive/README.md,../RUNBOOK_INDEX.md,markdown-link,markdown,47
docs/archive/README.md,../../ON_CALL_RUNBOOK.md,markdown-link,markdown,48
docs/archive/root-docs-2025-10-09-052108/iona/IONA_GATE_INTEGRATION_README.md,./docs/BossCat/IONA_ECRR_REPORT.md,markdown-link,markdown,103
docs/archive/root-docs-2025-10-09-052108/iona/IONA_GATE_INTEGRATION_README.md,./docs/BossCat/IONA_SETUP_GUIDE.md,markdown-link,markdown,104
docs/archive/root-docs-2025-10-09-052108/iona/IONA_GATE_INTEGRATION_README.md,./docs/BossCat/IONA_INTEGRATION_COMPLETE.md,markdown-link,markdown,105
docs/archive/root-docs-2025-10-09-052108/iona/IONA_GATE_INTEGRATION_README.md,./docs/BossCat/IONA_COMMIT_MESSAGES.md,markdown-link,markdown,108
docs/archive/root-docs-2025-10-09-052108/iona/IONA_GATE_INTEGRATION_README.md,./docs/BossCat/IONA_ENV_TEMPLATE.md,markdown-link,markdown,109
docs/archive/root-docs-2025-10-09-052108/iona/IONA_GATE_INTEGRATION_README.md,./docs/BossCat/README.md,markdown-link,markdown,110
docs/archive/root-docs-2025-10-09-052108/iona/IONA_GATE_INTEGRATION_README.md,./docs/BossCat/IONA_SETUP_GUIDE.md,markdown-link,markdown,246
docs/archive/root-docs-2025-10-09-052108/iona/IONA_GATE_INTEGRATION_README.md,./docs/BossCat/IONA_ECRR_REPORT.md,markdown-link,markdown,247
docs/archive/root-docs-2025-10-09-052108/miscellaneous/README_NEW.md,./docs/BossCat/SYSTEM_ARCHITECTURE_DIAGRAM.md,markdown-link,markdown,54
docs/archive/root-docs-2025-10-09-052108/miscellaneous/README_NEW.md,./docs/BossCat/QUICK_START_CARD.md,markdown-link,markdown,216
docs/archive/root-docs-2025-10-09-052108/miscellaneous/README_NEW.md,./docs/BossCat/PROJECT_HUB_USER_GUIDE.md,markdown-link,markdown,217
docs/archive/root-docs-2025-10-09-052108/miscellaneous/README_NEW.md,./docs/TROUBLESHOOTING.md,markdown-link,markdown,218
docs/archive/root-docs-2025-10-09-052108/miscellaneous/README_NEW.md,./docs/BossCat/SYSTEM_ARCHITECTURE_DIAGRAM.md,markdown-link,markdown,219
docs/archive/root-docs-2025-10-09-052108/miscellaneous/README_NEW.md,./docs/BossCat/README.md,markdown-link,markdown,223
docs/archive/root-docs-2025-10-09-052108/miscellaneous/README_NEW.md,./docs/AGENTS.md,markdown-link,markdown,224
docs/archive/root-docs-2025-10-09-052108/miscellaneous/README_NEW.md,./docs/IONA_SIGNOZ_INTEGRATION.md,markdown-link,markdown,225
docs/archive/root-docs-2025-10-09-052108/miscellaneous/README_NEW.md,./docs/RUNBOOK_INDEX.md,markdown-link,markdown,226
docs/archive/root-docs-2025-10-09-052108/miscellaneous/README_NEW.md,./docs/BossCat/DATA_ROOM_GUIDE.md,markdown-link,markdown,230
docs/archive/root-docs-2025-10-09-052108/miscellaneous/README_NEW.md,./docs/qa-checklist.md,markdown-link,markdown,231
docs/archive/root-docs-2025-10-09-052108/miscellaneous/README_NEW.md,./docs/TETRAGRAMMATON_USER_GUIDE.md,markdown-link,markdown,232
docs/archive/root-docs-2025-10-09-052108/miscellaneous/README_NEW.md,./docs/SECURITY.md,markdown-link,markdown,236
docs/archive/root-docs-2025-10-09-052108/miscellaneous/README_NEW.md,./docs/BossCat/SECURITY_MAINTENANCE_MASTER_GUIDE.md,markdown-link,markdown,237
docs/archive/root-docs-2025-10-09-052108/miscellaneous/README_NEW.md,./docs/BossCat/CREDENTIAL_ROTATION_CALENDAR.md,markdown-link,markdown,238
docs/archive/root-docs-2025-10-09-052108/miscellaneous/README_NEW.md,./docs/AGENTS.md,markdown-link,markdown,253
docs/archive/root-docs-2025-10-09-052108/miscellaneous/README_NEW.md,./docs/SECURITY.md,markdown-link,markdown,268
docs/archive/root-docs-2025-10-09-052108/miscellaneous/README_NEW.md,./docs/COMMIT_GUIDE.md,markdown-link,markdown,297
docs/archive/root-docs-2025-10-09-052108/miscellaneous/README_NEW.md,./docs/TROUBLESHOOTING.md,markdown-link,markdown,338
docs/archive/root-docs-2025-10-09-052108/miscellaneous/README_NEW.md,./docs/BossCat/QUICK_START_CARD.md,markdown-link,markdown,401
docs/archive/root-docs-2025-10-09-052108/miscellaneous/README_NEW.md,./docs/BossCat/PROJECT_HUB_USER_GUIDE.md,markdown-link,markdown,403
docs/archive/root-docs-2025-10-09-052108/miscellaneous/README_NEW.md,./docs/BossCat/DATA_ROOM_QUICKSTART.md,markdown-link,markdown,404
docs/archive/root-docs-2025-10-09-052108/miscellaneous/README_NEW.md,./docs/BossCat/SYSTEM_ARCHITECTURE_DIAGRAM.md,markdown-link,markdown,408
docs/archive/root-docs-2025-10-09-052108/miscellaneous/README_NEW.md,./docs/AGENTS.md,markdown-link,markdown,409
docs/archive/root-docs-2025-10-09-052108/miscellaneous/README_NEW.md,./docs/BossCat/SECURITY_MAINTENANCE_MASTER_GUIDE.md,markdown-link,markdown,410
docs/archive/root-docs-2025-10-09-052108/miscellaneous/README_NEW.md,./docs/BossCat/guides/NIGHTLY_DASHBOARD_INTEGRATION.md,markdown-link,markdown,411
docs/archive/root-docs-2025-10-09-052108/miscellaneous/README_NEW.md,./docs/BossCat/README.md,markdown-link,markdown,453
docs/archive/root-docs-2025-10-09-052108/miscellaneous/README_NEW.md,./docs/IONA_SIGNOZ_INTEGRATION.md,markdown-link,markdown,454
docs/archive/root-docs-2025-10-09-052108/miscellaneous/README_NEW.md,./docs/TROUBLESHOOTING.md,markdown-link,markdown,460
docs/archive/root-docs-2025-10-09-052108/miscellaneous/README_NEW.md,./docs/IONA_ERRORS.md,markdown-link,markdown,461
docs/archive/root-docs-2025-10-09-052108/miscellaneous/README_NEW.md,./docs/SECURITY.md,markdown-link,markdown,463
docs/bench/index.md,../ecrr/ECRR_REPORTS/GPU_PATTERN_SIFTER_EPIC.md,markdown-link,markdown,5
docs/bench/index.md,../ecrr/ECRR_REPORTS/gpu_bench_2025-10-04.json,markdown-link,markdown,56
docs/bench/index.md,../ecrr/schema.json,markdown-link,markdown,58
docs/comfort-cat/docker-security-assessment.md,../security/container-security.md,markdown-link,markdown,122
docs/comfort-cat/docker-security-assessment.md,../security/vulnerability-management.md,markdown-link,markdown,123
docs/comfort-cat/docker-security-assessment.md,../security/incident-response.md,markdown-link,markdown,124
docs/comfort-cat/docker-security-assessment.md,../compliance/README.md,markdown-link,markdown,125
docs/comfort-cat/windows-collector-restart-procedures.md,../ecrr/README.md,markdown-link,markdown,159
docs/comfort-cat/windows-collector-restart-procedures.md,../signoz/README.md,markdown-link,markdown,160
docs/comfort-cat/windows-collector-restart-procedures.md,../verification/README.md,markdown-link,markdown,161
docs/comfort-cat/windows-collector-restart-procedures.md,../troubleshooting/README.md,markdown-link,markdown,162
docs/observability/SIGNOZ_RUNBOOK_BUNDLE.md,../ECRR_PROJECT_REPORT.md,markdown-link,markdown,358
docs/observability/SIGNOZ_UI_MAP.md,../ECRR_PROJECT_REPORT.md,markdown-link,markdown,6
docs/observability/gpu-health-dashboard.md,../ecrr/ECRR_REPORTS/GPU_PATTERN_SIFTER_EPIC.md,markdown-link,markdown,5
docs/observability/gpu-health-dashboard.md,./gpu_health_2025-10-04.json,markdown-link,markdown,104
docs/observability/gpu-health-dashboard.md,../bench/index.md,markdown-link,markdown,106
docs/observability/gpu-signals.md,../gpu/windows-cheats.md,markdown-link,markdown,284
docs/observability/signoz-integration-verification.md,../ecrr/ECRR_REPORTS/GPU_PATTERN_SIFTER_EPIC.md,markdown-link,markdown,4
docs/project-reports/README.md,../badges.md,markdown-link,markdown,19
docs/roles/README.md,../ECRR_PROJECT_REPORT.md,markdown-link,markdown,9
scripts/roadmap/README.md,../../docs/ROADMAP_AUTOMATION.md,markdown-link,markdown,41
.agent/process-tasks.ps1,validation/validate-otlp-exporter.ps1,script-exec,powershell,111
.agent/process-tasks.ps1,validation/validate-tail-sampling.ps1,script-exec,powershell,152
.agent/process-tasks.ps1,validation/validate-cardinality.ps1,script-exec,powershell,193
.agent/process-tasks.ps1,validation/validate-gpu-thermal.ps1,script-exec,powershell,230
artifacts/capture-evidence.ps1,.\scripts\verify-integration.ps1,script-exec,powershell,41
canary-monitor.ps1,verify-pipeline.ps1,script-exec,powershell,70
canary-monitor.ps1,verify-integration.ps1,script-exec,powershell,71
deploy-pressure-monitoring.ps1,scripts\test-alerting.ps1,script-exec,powershell,83
deploy-pressure-monitoring.ps1,scripts\canary-test.ps1,script-exec,powershell,162
quick-status-check.ps1,monitor-parallel-validation.ps1,script-exec,powershell,55
scripts/EXECUTE_HANDS_FREE_SWITCH_ON.ps1,scripts\EXECUTE_HANDS_FREE_SWITCH_ON.ps1,script-exec,powershell,12
scripts/EXECUTE_HANDS_FREE_SWITCH_ON.ps1,scripts\EXECUTE_HANDS_FREE_SWITCH_ON.ps1,script-exec,powershell,31
scripts/EXECUTE_HANDS_FREE_SWITCH_ON.ps1,$PSScriptRoot\bosscat-hands-free-switch-on.ps1,script-exec,powershell,60
scripts/PROC.ps1,scripts/process-ecrr-and-boss.ps1,script-exec,powershell,16
scripts/agent/enforce-guardrails.ps1,scripts/agent/update-status.ps1,script-exec,powershell,270
scripts/agent/health-gate.ps1,scripts/verify-wiring.ps1,script-exec,powershell,22
scripts/agent/health-gate.ps1,scripts/verify-wiring.ps1,script-exec,powershell,56
scripts/agent/health-gate.ps1,scripts/agent/update-status.ps1,script-exec,powershell,76
scripts/agent/health-gate.ps1,scripts/agent/update-status.ps1,script-exec,powershell,77
scripts/agent/setup-local.ps1,scripts/agent/health-gate.ps1,script-exec,powershell,188
scripts/agent/setup-local.ps1,scripts/agent/update-status.ps1,script-exec,powershell,198
scripts/agent/staged-failure-drill.ps1,scripts/agent/remediation.ps1,script-exec,powershell,73
scripts/agent/staged-failure-drill.ps1,scripts/agent/remediation.ps1,script-exec,powershell,114
scripts/agent/staged-failure-drill.ps1,scripts/agent/remediation.ps1,script-exec,powershell,164
scripts/agent/staged-failure-drill.ps1,scripts/agent/webhook-handler.ps1,script-exec,powershell,193
scripts/agent/staged-failure-drill.ps1,scripts/agent/webhook-handler.ps1,script-exec,powershell,204
scripts/agent/staged-failure-drill.ps1,scripts/agent/webhook-handler.ps1,script-exec,powershell,215
scripts/agent/staged-failure-drill.ps1,scripts/agent/webhook-handler.ps1,script-exec,powershell,259
scripts/agent/watchdog-enhanced.ps1,scripts/agent/update-status.ps1,script-exec,powershell,105
scripts/agent/watchdog-enhanced.ps1,scripts/agent/doctor.ps1,script-exec,powershell,131
scripts/agent/watchdog-enhanced.ps1,scripts/agent/update-status.ps1,script-exec,powershell,263
scripts/agent/watchdog-enhanced.ps1,scripts/agent/update-status.ps1,script-exec,powershell,304
scripts/agent/watchdog.ps1,scripts/agent/update-status.ps1,script-exec,powershell,82
scripts/agent/watchdog.ps1,scripts/agent/doctor.ps1,script-exec,powershell,103
scripts/agent/watchdog.ps1,scripts/agent/update-status.ps1,script-exec,powershell,233
scripts/agent/watchdog.ps1,scripts/agent/update-status.ps1,script-exec,powershell,274
scripts/automation-scaling.ps1,scripts/predictive-ssot-automation.ps1,script-exec,powershell,608
scripts/automation-scaling.ps1,scripts/ssot-load-balancing.ps1,script-exec,powershell,615
scripts/automation-scaling.ps1,scripts/ssot-auto-scaling.ps1,script-exec,powershell,622
scripts/automation-scaling.ps1,scripts/intelligent-ssot-alerting.ps1,script-exec,powershell,629
scripts/automation-scaling.ps1,scripts/integrated-ssot-scaling.ps1,script-exec,powershell,684
scripts/automation-scaling.ps1,scripts/integrated-ssot-scaling.ps1,script-exec,powershell,687
scripts/benchmark-orchestrator.ps1,scripts/benchmark-process-all-ecrr-reports.ps1,script-exec,powershell,136
scripts/bosscat-auto-execute.ps1,scripts\bosscat-auto-execute.ps1,script-exec,powershell,9
scripts/bosscat-auto-execute.ps1,scripts\bosscat-auto-execute.ps1,script-exec,powershell,12
scripts/bosscat-auto-execute.ps1,scripts\bosscat-auto-execute.ps1,script-exec,powershell,15
scripts/bosscat-auto-execute.ps1,scripts\bosscat-auto-execute.ps1,script-exec,powershell,94
scripts/bosscat-auto-execute.ps1,scripts\bosscat-auto-execute.ps1,script-exec,powershell,97
scripts/bosscat-cleanup-alerts.ps1,scripts/bosscat-cleanup-alerts.ps1,script-exec,powershell,9
scripts/bosscat-cleanup-alerts.ps1,scripts/bosscat-cleanup-alerts.ps1,script-exec,powershell,12
scripts/bosscat-create-signoz-alerts.ps1,scripts/bosscat-create-signoz-alerts.ps1,script-exec,powershell,11
scripts/bosscat-create-signoz-alerts.ps1,scripts/bosscat-create-signoz-alerts.ps1,script-exec,powershell,12
scripts/bosscat-create-signoz-alerts.ps1,scripts/bosscat-create-signoz-alerts.ps1,script-exec,powershell,13
scripts/bosscat-golden-snapshot.ps1,scripts/bosscat-golden-snapshot.ps1,script-exec,powershell,8
scripts/bosscat-hands-free-switch-on.ps1,scripts/bosscat-hands-free-switch-on.ps1,script-exec,powershell,14
scripts/bosscat-hands-free-switch-on.ps1,scripts/bosscat-hands-free-switch-on.ps1,script-exec,powershell,29
scripts/bosscat-hands-free-switch-on.ps1,scripts/bosscat-create-signoz-alerts.ps1,script-exec,powershell,137
scripts/bosscat-hands-free-switch-on.ps1,scripts/iona-trace-canary.ps1,script-exec,powershell,155
scripts/bosscat-hands-free-switch-on.ps1,scripts/bosscat-verify-signoz-completion.ps1,script-exec,powershell,175
scripts/bosscat-ops-oneliners.ps1,scripts/bosscat-ops-oneliners.ps1,script-exec,powershell,7
scripts/bosscat-sentinel-alert.ps1,scripts/bosscat-sentinel-alert.ps1,script-exec,powershell,11
scripts/bosscat-sentinel-alert.ps1,scripts/bosscat-sentinel-alert.ps1,script-exec,powershell,26
scripts/bosscat-signoz-smoke-check.ps1,scripts/bosscat-signoz-smoke-check.ps1,script-exec,powershell,11
scripts/bosscat-signoz-smoke-check.ps1,scripts/bosscat-signoz-smoke-check.ps1,script-exec,powershell,26
scripts/bosscat-steps-7-8.ps1,scripts\iona-canary.ps1,script-exec,powershell,58
scripts/bosscat-steps-7-8.ps1,scripts\iona-trace-canary.ps1,script-exec,powershell,94
scripts/bosscat-verify-signoz-completion.ps1,scripts/bosscat-verify-signoz-completion.ps1,script-exec,powershell,11
scripts/bosscat-verify-signoz-completion.ps1,scripts/bosscat-verify-signoz-completion.ps1,script-exec,powershell,12
scripts/bosscat-verify-signoz-completion.ps1,scripts/bosscat-verify-signoz-completion.ps1,script-exec,powershell,13
scripts/calc-p95-latency.ps1,scripts\calc-p95-latency.ps1,script-exec,powershell,27
scripts/calc-p95-latency.ps1,scripts\calc-p95-latency.ps1,script-exec,powershell,30
scripts/calc-p95-latency.ps1,scripts\verify-pipeline.ps1,script-exec,powershell,44
scripts/canary-ecrr.ps1,scripts/canary-ecrr.ps1,script-exec,powershell,5
scripts/capture-dashboard-screenshot.ps1,scripts/publish-e2-results.ps1,script-exec,powershell,98
scripts/check-latency-readiness.ps1,scripts/generate-synthetic-load.ps1,script-exec,powershell,157
scripts/ci-ecrr-compliance.ps1,scripts/validate-ecrr-compliance.ps1,script-exec,powershell,25
scripts/ci-integration-setup.ps1,scripts/ci-ecrr-compliance.ps1,script-exec,powershell,47
scripts/ci-integration-setup.ps1,scripts/ci-ecrr-compliance.ps1,script-exec,powershell,129
scripts/ci-integration-setup.ps1,scripts/ci-ecrr-compliance.ps1,script-exec,powershell,131
scripts/ci-integration-setup.ps1,scripts/ci-ecrr-compliance.ps1,script-exec,powershell,174
scripts/cleanup-artifacts.ps1,scripts/cleanup-artifacts.ps1,script-exec,powershell,20
scripts/cleanup-artifacts.ps1,scripts/cleanup-artifacts.ps1,script-exec,powershell,23
scripts/comfort-cat-sanity-sweep.ps1,scripts\comfort-cat-sanity-sweep.ps1,script-exec,powershell,13
scripts/complete-setup.ps1,scripts/test-signoz-auth.ps1,script-exec,powershell,108
scripts/complete-setup.ps1,scripts/test-webhook.ps1,script-exec,powershell,122
scripts/complete-setup.ps1,scripts/verify-resonai.ps1,script-exec,powershell,145
scripts/complete-setup.ps1,scripts/test-webhook.ps1,script-exec,powershell,156
scripts/configure-alerts-manual.ps1,scripts/canary-test.ps1,script-exec,powershell,109
scripts/configure-ecrr-alerts.ps1,scripts/monitor-ecrr-alerts.ps1,script-exec,powershell,70
scripts/configure-ecrr-alerts.ps1,scripts/monitor-ecrr-alerts.ps1,script-exec,powershell,79
scripts/configure-ecrr-alerts.ps1,scripts/schedule-ecrr-trends.ps1,script-exec,powershell,80
scripts/configure-service-recovery.ps1,scripts\configure-service-recovery.ps1,script-exec,powershell,18
scripts/configure-service-recovery.ps1,scripts\configure-service-recovery.ps1,script-exec,powershell,21
scripts/configure-signoz-alerts.ps1,scripts/configure-signoz-alerts.ps1,script-exec,powershell,2
scripts/configure-webhook-url.ps1,scripts/configure-webhook-url.ps1,script-exec,powershell,33
scripts/configure-webhook-url.ps1,scripts/configure-webhook-url.ps1,script-exec,powershell,34
scripts/configure-webhook-url.ps1,scripts/configure-webhook-url.ps1,script-exec,powershell,35
scripts/configure-webhook-url.ps1,scripts/webhook-status.ps1,script-exec,powershell,240
scripts/configure-webhook-url.ps1,scripts/test-webhook.ps1,script-exec,powershell,241
scripts/configure-webhook-url.ps1,scripts/integrate-webhook-alerts.ps1,script-exec,powershell,242
scripts/continuous-improvement.ps1,scripts/ssot-usage-analysis.ps1,script-exec,powershell,228
scripts/continuous-improvement.ps1,scripts/ssot-performance-optimization.ps1,script-exec,powershell,381
scripts/continuous-improvement.ps1,scripts/ssot-monitoring-enhancement.ps1,script-exec,powershell,565
scripts/continuous-improvement.ps1,scripts/ssot-automation-improvement.ps1,script-exec,powershell,690
scripts/cursor-agent-monitor.ps1,scripts/cursor-agent-processor.ps1,script-exec,powershell,85
scripts/cursor-startup-signoz-enterprise-views.ps1,scripts\cursor-startup-signoz-enterprise-views.ps1,script-exec,powershell,41
scripts/deploy-ecrr-ci.ps1,scripts/lint-ecrr-compliance.ps1,script-exec,powershell,37
scripts/deploy-ecrr-ci.ps1,scripts/lint-ecrr-compliance.ps1,script-exec,powershell,87
scripts/deploy-ecrr-ci.ps1,scripts/lint-ecrr-compliance.ps1,script-exec,powershell,113
scripts/deploy-ecrr-ci.ps1,scripts/validate-ecrr-compliance.ps1,script-exec,powershell,114
scripts/deploy-gpu-sidecars.ps1,scripts/manage-gpu-sidecars.ps1,script-exec,powershell,71
scripts/deploy-gpu-sidecars.ps1,scripts/validate-production-gpu.ps1,script-exec,powershell,174
scripts/deploy-gpu-sidecars.ps1,scripts/validate-production-gpu.ps1,script-exec,powershell,213
scripts/deploy-gpu-sidecars.ps1,scripts/validate-production-gpu.ps1,script-exec,powershell,394
scripts/deploy-gpu-sidecars.ps1,scripts/test-gpu-sidecars.ps1,script-exec,powershell,418
scripts/deploy-gpu-sidecars.ps1,verify-integration.ps1,script-exec,powershell,421
scripts/deploy-gpu-sidecars.ps1,scripts/validate-production-gpu.ps1,script-exec,powershell,424
scripts/deploy-gpu-sidecars.ps1,scripts/gpu-watchdog.ps1,script-exec,powershell,430
scripts/deploy-gpu-sidecars.ps1,scripts/production-monitoring.ps1,script-exec,powershell,433
scripts/deploy-gpu-sidecars.ps1,scripts/manage-gpu-sidecars.ps1,script-exec,powershell,439
scripts/deploy-gpu-sidecars.ps1,scripts/manage-gpu-sidecars.ps1,script-exec,powershell,442
scripts/deploy-gpu-sidecars.ps1,scripts/manage-gpu-sidecars.ps1,script-exec,powershell,445
scripts/deploy-gpu-sidecars.ps1,scripts/manage-gpu-sidecars.ps1,script-exec,powershell,448
scripts/deploy-gpu-sidecars.ps1,scripts/manage-gpu-sidecars.ps1,script-exec,powershell,458
scripts/deploy-gpu-sidecars.ps1,scripts/manage-gpu-sidecars.ps1,script-exec,powershell,480
scripts/deploy-gpu-sidecars.ps1,scripts/manage-gpu-sidecars.ps1,script-exec,powershell,486
scripts/deploy-gpu-sidecars.ps1,scripts/test-gpu-sidecars.ps1,script-exec,powershell,489
scripts/deploy-nightly-automation.ps1,scripts/generate-dashboard-snapshots.ps1,script-exec,powershell,119
scripts/deploy-nightly-automation.ps1,scripts/setup-github-repo-security.ps1,script-exec,powershell,252
scripts/deploy-nightly-automation.ps1,scripts/setup-github-secrets.ps1,script-exec,powershell,409
scripts/deploy-windows-canary-alert-session.ps1,scripts\deploy-windows-canary-alert-session.ps1,script-exec,powershell,28
scripts/deploy-windows-canary-alert-session.ps1,scripts\deploy-windows-canary-alert-session.ps1,script-exec,powershell,34
scripts/diagnostic-shell-enhanced.ps1,$PSScriptRoot/verify-wiring.ps1,script-exec,powershell,162
scripts/diagnostic-shell-enhanced.ps1,$PSScriptRoot/enterprise-readiness-check.ps1,script-exec,powershell,192
scripts/direct-production-monitor.ps1,scripts/monitor-ssot-health.ps1,script-exec,powershell,35
scripts/direct-production-monitor.ps1,scripts/notify-alert.ps1,script-exec,powershell,71
scripts/direct-production-monitor.ps1,scripts/notify-alert.ps1,script-exec,powershell,82
scripts/direct-production-monitor.ps1,scripts/notify-alert.ps1,script-exec,powershell,106
scripts/direct-production-monitor.ps1,scripts/notify-alert.ps1,script-exec,powershell,126
scripts/ecrr-doctor.ps1,scripts/ecrr-doctor.ps1,script-exec,powershell,5
scripts/ecrr-doctor.ps1,scripts/canary-test.ps1,script-exec,powershell,127
scripts/ecrr-process-and-publish.ps1,scripts/ecrr-processing-summary.ps1,script-exec,powershell,24
scripts/ecrr-process-and-publish.ps1,scripts/monitor-ecrr-compliance.ps1,script-exec,powershell,37
scripts/ecrr-schedule-monitoring.ps1,scripts/ecrr-schedule-monitoring.ps1,script-exec,powershell,191
scripts/ecrr-schedule-monitoring.ps1,scripts/ecrr-schedule-monitoring.ps1,script-exec,powershell,192
scripts/ecrr-schedule-monitoring.ps1,scripts/ecrr-schedule-monitoring.ps1,script-exec,powershell,193
scripts/ecrr-schedule-monitoring.ps1,scripts/ecrr-schedule-monitoring.ps1,script-exec,powershell,194
scripts/ecrr-schedule-monitoring.ps1,scripts/ecrr-schedule-monitoring.ps1,script-exec,powershell,198
scripts/ecrr-schedule-monitoring.ps1,scripts/ecrr-schedule-monitoring.ps1,script-exec,powershell,199
scripts/ecrr-schedule-monitoring.ps1,scripts/ecrr-schedule-monitoring.ps1,script-exec,powershell,200
scripts/ecrr-schedule-monitoring.ps1,scripts/ecrr-schedule-monitoring.ps1,script-exec,powershell,201
scripts/ecrr-webhook-config.ps1,scripts/ecrr-webhook-config.ps1,script-exec,powershell,292
scripts/ecrr-webhook-config.ps1,scripts/ecrr-webhook-config.ps1,script-exec,powershell,301
scripts/ecrr-webhook-config.ps1,scripts/ecrr-webhook-config.ps1,script-exec,powershell,310
scripts/ecrr-webhook-config.ps1,scripts/ecrr-webhook-config.ps1,script-exec,powershell,392
scripts/ecrr-weekly-monitor.ps1,scripts/ecrr-compliance-monitor.ps1,script-exec,powershell,56
scripts/ecrr/collect-evidence.ps1,scripts/ecrr/collect-evidence.ps1,script-exec,powershell,70
scripts/enable-full-automation.ps1,.\canary-test.ps1,script-exec,powershell,37
scripts/enforce-4-section-structure.ps1,$PSScriptRoot/enforce-four-section-structure.ps1,script-exec,powershell,2
scripts/enhanced-analytics-monitor.ps1,scripts/enhanced-analytics-monitor.ps1,script-exec,powershell,3
scripts/enhanced-analytics-monitor.ps1,scripts/optimize-end-to-end-pipeline.ps1,script-exec,powershell,433
scripts/final-deployment-checklist.ps1,scripts/manage-gpu-sidecars.ps1,script-exec,powershell,74
scripts/final-deployment-checklist.ps1,scripts/test-gpu-sidecars.ps1,script-exec,powershell,176
scripts/final-deployment-checklist.ps1,scripts/validate-production-gpu.ps1,script-exec,powershell,185
scripts/final-deployment-checklist.ps1,verify-integration.ps1,script-exec,powershell,194
scripts/final-deployment-checklist.ps1,scripts/test-gpu-sidecars.ps1,script-exec,powershell,220
scripts/final-deployment-checklist.ps1,scripts/validate-production-gpu.ps1,script-exec,powershell,221
scripts/final-deployment-checklist.ps1,scripts/manage-gpu-sidecars.ps1,script-exec,powershell,222
scripts/final-deployment-checklist.ps1,scripts/gpu-watchdog.ps1,script-exec,powershell,223
scripts/fix-and-start.ps1,scripts/fixed-verification.ps1,script-exec,powershell,74
scripts/generate-weekly-report.ps1,scripts/generate-weekly-report.ps1,script-exec,powershell,2
scripts/gpu-automated-monitoring.ps1,`$scriptDir\gpu-workflow-orchestrator.ps1,script-exec,powershell,53
scripts/gpu-automated-monitoring.ps1,`$scriptDir\gpu-workflow-orchestrator.ps1,script-exec,powershell,66
scripts/gpu-automated-monitoring.ps1,`$scriptDir\gpu-workflow-orchestrator.ps1,script-exec,powershell,79
scripts/gpu-automated-monitoring.ps1,`$scriptDir\gpu-workflow-orchestrator.ps1,script-exec,powershell,92
scripts/gpu-automated-monitoring.ps1,scripts/import-dashboard.ps1,script-exec,powershell,404
scripts/gpu-automation-quickstart.ps1,scripts/gpu-integration-automation.ps1,script-exec,powershell,23
scripts/gpu-automation-quickstart.ps1,scripts/gpu-workflow-orchestrator.ps1,script-exec,powershell,32
scripts/gpu-automation-quickstart.ps1,scripts/gpu-workflow-orchestrator.ps1,script-exec,powershell,36
scripts/gpu-automation-quickstart.ps1,scripts/gpu-workflow-orchestrator.ps1,script-exec,powershell,40
scripts/gpu-automation-quickstart.ps1,scripts/gpu-integration-automation.ps1,script-exec,powershell,53
scripts/gpu-automation-quickstart.ps1,scripts/gpu-integration-automation.ps1,script-exec,powershell,57
scripts/gpu-automation-quickstart.ps1,scripts/gpu-automated-monitoring.ps1,script-exec,powershell,61
scripts/gpu-automation-quickstart.ps1,scripts/gpu-integration-automation.ps1,script-exec,powershell,65
scripts/gpu-automation-quickstart.ps1,scripts/gpu-integration-automation.ps1,script-exec,powershell,69
scripts/gpu-automation-quickstart.ps1,scripts/gpu-integration-automation.ps1,script-exec,powershell,73
scripts/gpu-integration-automation.ps1,scripts/enhanced-monitoring-with-gpu.ps1,script-exec,powershell,359
scripts/gpu-integration-automation.ps1,scripts/import-dashboard.ps1,script-exec,powershell,452
scripts/health-check-observability-corrected.ps1,scripts/health-check-observability-corrected.ps1,script-exec,powershell,2
scripts/health-check-observability-fixed.ps1,scripts/health-check-observability-fixed.ps1,script-exec,powershell,2
scripts/health-check-observability.ps1,scripts/health-check-observability.ps1,script-exec,powershell,2
scripts/import-dashboard.ps1,scripts/setup-signoz-authentication.ps1,script-exec,powershell,114
scripts/import-hurst-drift-alert.ps1,scripts/canary-pattern-drills.ps1,script-exec,powershell,218
scripts/import-hurst-drift-alert.ps1,scripts/verify-hurst-drift-alert.ps1,script-exec,powershell,219
scripts/import-signoz-dashboard.ps1,scripts/visualize-ecrr-trends.ps1,script-exec,powershell,19
scripts/import-signoz-dashboards.ps1,scripts/import-signoz-dashboards.ps1,script-exec,powershell,2
scripts/import-windows-canary-alert.ps1,scripts/generate-windows-canary.ps1,script-exec,powershell,101
scripts/import-windows-canary-alert.ps1,scripts/generate-windows-canary.ps1,script-exec,powershell,121
scripts/import-windows-canary-alert.ps1,scripts/verify-windows-canary-alert.ps1,script-exec,powershell,163
scripts/install-ollama-manual.ps1,scripts\install-ollama-manual.ps1,script-exec,powershell,54
scripts/install-ollama-winget.ps1,scripts\install-ollama-manual.ps1,script-exec,powershell,14
scripts/install-ollama-winget.ps1,scripts\install-ollama-manual.ps1,script-exec,powershell,26
scripts/integrate-boot-health.ps1,scripts/boot-health-check.ps1,script-exec,powershell,129
scripts/integrate-latency-testing.ps1,scripts/integrate-latency-testing.ps1,script-exec,powershell,346
scripts/integrate-latency-testing.ps1,scripts/integrate-latency-testing.ps1,script-exec,powershell,347
scripts/integrate-latency-testing.ps1,scripts/integrate-latency-testing.ps1,script-exec,powershell,348
scripts/integrate-latency-testing.ps1,scripts/integrate-latency-testing.ps1,script-exec,powershell,349
scripts/integrate-latency-testing.ps1,scripts/integrate-latency-testing.ps1,script-exec,powershell,350
scripts/integrated-ssot-scaling.ps1,scripts/predictive-ssot-automation.ps1,script-exec,powershell,21
scripts/integrated-ssot-scaling.ps1,scripts/ssot-load-balancing.ps1,script-exec,powershell,28
scripts/integrated-ssot-scaling.ps1,scripts/ssot-auto-scaling.ps1,script-exec,powershell,35
scripts/integrated-ssot-scaling.ps1,scripts/intelligent-ssot-alerting.ps1,script-exec,powershell,42
scripts/integration-test-enterprise-views.ps1,scripts\integration-test-enterprise-views.ps1,script-exec,powershell,11
scripts/integration-test-enterprise-views.ps1,scripts\cursor-startup-signoz-enterprise-views.ps1,script-exec,powershell,45
scripts/integration-test-enterprise-views.ps1,scripts\verify-enterprise-views.ps1,script-exec,powershell,52
scripts/integration-test-enterprise-views.ps1,scripts\cursor-startup-signoz-enterprise-views.ps1,script-exec,powershell,59
scripts/integration-test-enterprise-views.ps1,scripts\verify-enterprise-views.ps1,script-exec,powershell,66
scripts/integration-test-enterprise-views.ps1,scripts\quick-monitor.ps1,script-exec,powershell,85
scripts/iona-trace-canary.ps1,scripts/iona-trace-canary.ps1,script-exec,powershell,6
scripts/manage-daily-pattern-drills-enhanced.ps1,scripts/canary-pattern-drills.ps1,script-exec,powershell,60
scripts/manage-daily-pattern-drills-enhanced.ps1,scripts/canary-pattern-drills.ps1,script-exec,powershell,64
scripts/manage-daily-pattern-drills-enhanced.ps1,scripts/enhanced-statistical-validation.ps1,script-exec,powershell,67
scripts/manage-daily-pattern-drills-enhanced.ps1,scripts/enhanced-statistical-validation.ps1,script-exec,powershell,71
scripts/manage-daily-pattern-drills.ps1,scripts\canary-pattern-drills.ps1,script-exec,powershell,48
scripts/manage-latency-baselines.ps1,scripts/extract-latency-measurements.ps1,script-exec,powershell,95
scripts/manual-dashboard-import.ps1,scripts/verify-dashboard-import.ps1,script-exec,powershell,280
scripts/memx/hardware-report.ps1,scripts/memx/hardware-report.ps1,script-exec,powershell,17
scripts/memx/run-hardware-audit.ps1,scripts/memx/hardware-report.ps1,script-exec,powershell,16
scripts/memx/schedule-hardware-audit.ps1,`$PSScriptRoot\run-hardware-audit.ps1,script-exec,powershell,15
scripts/monitor-fractal-drift.ps1,scripts/canary-pattern-drills.ps1,script-exec,powershell,50
scripts/monitor-fractal-drift.ps1,scripts/verify-hurst-drift-alert.ps1,script-exec,powershell,51
scripts/monitor-queue-steward-automation.ps1,scripts/verify-queue-steward-task.ps1,script-exec,powershell,58
scripts/monitor-sleek.ps1,scripts/monitor-sleek.ps1,script-exec,powershell,3
scripts/nightly-tetragrammaton-ci.ps1,scripts/tetragrammaton-benchmark-automation.ps1,script-exec,powershell,98
scripts/nightly-tetragrammaton-ci.ps1,scripts/tetragrammaton-benchmark-automation.ps1,script-exec,powershell,108
scripts/nightly-tetragrammaton-ci.ps1,scripts/tetragrammaton-benchmark-automation.ps1,script-exec,powershell,138
scripts/nightly-tetragrammaton-ci.ps1,scripts/tetragrammaton-quadrant-matrix.ps1,script-exec,powershell,169
scripts/nightly-tetragrammaton-ci.ps1,scripts/nightly-dashboard-export.ps1,script-exec,powershell,201
scripts/nightly-tetragrammaton-ci.ps1,scripts/tetragrammaton-benchmark-automation.ps1,script-exec,powershell,400
scripts/optimize-end-to-end-pipeline.ps1,scripts/optimize-end-to-end-pipeline.ps1,script-exec,powershell,3
scripts/optimize-end-to-end-pipeline.ps1,scripts/monitor-analytics-ingestion.ps1,script-exec,powershell,392
scripts/preflight.ps1,scripts\preflight.ps1,script-exec,powershell,33
scripts/preflight.ps1,scripts\verify-pipeline.ps1,script-exec,powershell,172
scripts/preflight.ps1,scripts\verify-and-flip.ps1,script-exec,powershell,173
scripts/process-ecrr-and-boss.ps1,scripts/process-all-ecrr-reports.ps1,script-exec,powershell,19
scripts/process-ecrr-and-boss.ps1,scripts/process-all-boss-reports.ps1,script-exec,powershell,22
scripts/process-ecrr-and-boss.ps1,scripts/memx/run-hardware-audit.ps1,script-exec,powershell,28
scripts/production-monitoring.ps1,scripts/validate-production-gpu.ps1,script-exec,powershell,33
scripts/prune-evidence.ps1,scripts\prune-evidence.ps1,script-exec,powershell,19
scripts/prune-evidence.ps1,scripts\prune-evidence.ps1,script-exec,powershell,22
scripts/publish-e2-results.ps1,scripts/import-dashboard.ps1,script-exec,powershell,179
scripts/publish-ecrr-dashboard.ps1,scripts/visualize-ecrr-trends.ps1,script-exec,powershell,287
scripts/publish-ecrr-dashboard.ps1,scripts/publish-ecrr-dashboard.ps1,script-exec,powershell,290
scripts/quick-monitor.ps1,scripts\monitor-optimized-pipeline.ps1,script-exec,powershell,175
scripts/robust-production-monitor.ps1,scripts/notify-alert.ps1,script-exec,powershell,74
scripts/robust-production-monitor.ps1,scripts/notify-alert.ps1,script-exec,powershell,85
scripts/robust-production-monitor.ps1,scripts/notify-alert.ps1,script-exec,powershell,109
scripts/robust-production-monitor.ps1,scripts/notify-alert.ps1,script-exec,powershell,129
scripts/run-latency-test-example.ps1,scripts/check-latency-readiness.ps1,script-exec,powershell,41
scripts/run-latency-test-example.ps1,scripts/run-otel-doe-enhanced.ps1,script-exec,powershell,106
scripts/run-latency-test-example.ps1,scripts/extract-latency-measurements.ps1,script-exec,powershell,130
scripts/run-latency-test-example.ps1,scripts/monitor-latency-regressions.ps1,script-exec,powershell,145
scripts/run-latency-test-example.ps1,scripts/run-otel-doe-enhanced.ps1,script-exec,powershell,200
scripts/run-latency-test-example.ps1,scripts/run-otel-doe-enhanced.ps1,script-exec,powershell,203
scripts/run-latency-test-example.ps1,scripts/monitor-latency-regressions.ps1,script-exec,powershell,206
scripts/run-latency-test-example.ps1,scripts/manage-latency-baselines.ps1,script-exec,powershell,209
scripts/run-otel-doe-enhanced.ps1,scripts/generate-synthetic-load.ps1,script-exec,powershell,64
scripts/run-otel-doe-enhanced.ps1,scripts/check-latency-readiness.ps1,script-exec,powershell,101
scripts/run-otel-doe-enhanced.ps1,scripts/extract-latency-measurements.ps1,script-exec,powershell,291
scripts/run-otel-doe.ps1,scripts/generate-synthetic-load.ps1,script-exec,powershell,45
scripts/scale-ssot-automation.ps1,scripts/enhanced-ssot-health.ps1,script-exec,powershell,436
scripts/scale-ssot-automation.ps1,scripts/advanced-ssot-automation.ps1,script-exec,powershell,437
scripts/schedule-canary-ecrr.ps1,scripts/schedule-canary-ecrr.ps1,script-exec,powershell,5
scripts/schedule-cleanup-artifacts.ps1,scripts/schedule-cleanup-artifacts.ps1,script-exec,powershell,26
scripts/schedule-cleanup-artifacts.ps1,scripts/schedule-cleanup-artifacts.ps1,script-exec,powershell,29
scripts/schedule-ecrr-orchestrator.ps1,scripts/ecrr-process-and-publish.ps1,script-exec,powershell,58
scripts/send-otlp-log.ps1,scripts/send-otlp-log.ps1,script-exec,powershell,5
scripts/set-gate-status.ps1,scripts\verify-pipeline.ps1,script-exec,powershell,41
scripts/setup-bedrock-prerequisites.ps1,scripts\test-bedrock-connection.ps1,script-exec,powershell,177
scripts/setup-bedrock-prerequisites.ps1,scripts\setup-bedrock-prerequisites.ps1,script-exec,powershell,183
scripts/setup-complete-authentication.ps1,scripts/setup-complete-authentication.ps1,script-exec,powershell,228
scripts/setup-complete-authentication.ps1,scripts/test-signoz-auth.ps1,script-exec,powershell,231
scripts/setup-complete-authentication.ps1,scripts/test-webhook.ps1,script-exec,powershell,234
scripts/setup-complete-pipeline.ps1,scripts/setup-signoz-authentication.ps1,script-exec,powershell,87
scripts/setup-complete-pipeline.ps1,scripts/import-dashboard.ps1,script-exec,powershell,113
scripts/setup-complete-pipeline.ps1,scripts/setup-webhooks.ps1,script-exec,powershell,139
scripts/setup-complete-pipeline.ps1,scripts/test-e2e-pipeline.ps1,script-exec,powershell,165
scripts/setup-complete-pipeline.ps1,scripts/setup-signoz-authentication.ps1,script-exec,powershell,255
scripts/setup-complete-pipeline.ps1,scripts/import-dashboard.ps1,script-exec,powershell,258
scripts/setup-complete-pipeline.ps1,scripts/setup-webhooks.ps1,script-exec,powershell,261
scripts/setup-complete-pipeline.ps1,scripts/test-e2e-pipeline.ps1,script-exec,powershell,264
scripts/setup-compliance-scheduler.ps1,scripts/setup-compliance-scheduler.ps1,script-exec,powershell,288
scripts/setup-daily-pattern-drills.ps1,scripts\manage-daily-pattern-drills.ps1,script-exec,powershell,191
scripts/setup-daily-pattern-drills.ps1,scripts\manage-daily-pattern-drills.ps1,script-exec,powershell,192
scripts/setup-daily-pattern-drills.ps1,scripts\manage-daily-pattern-drills.ps1,script-exec,powershell,193
scripts/setup-daily-pattern-drills.ps1,scripts\verify-daily-pattern-drills.ps1,script-exec,powershell,194
scripts/setup-ecrr-alerts.ps1,scripts/monitor-ecrr-alerts.ps1,script-exec,powershell,144
scripts/setup-ecrr-alerts.ps1,scripts/monitor-ecrr-alerts.ps1,script-exec,powershell,150
scripts/setup-ecrr-alerts.ps1,scripts/monitor-ecrr-alerts.ps1,script-exec,powershell,153
scripts/setup-ecrr-automated-monitoring.ps1,scripts/ecrr-ci-integration.ps1,script-exec,powershell,154
scripts/setup-ecrr-automated-monitoring.ps1,scripts/ecrr-compliance-monitor.ps1,script-exec,powershell,294
scripts/setup-ecrr-automated-monitoring.ps1,scripts/ecrr-ci-integration.ps1,script-exec,powershell,295
scripts/setup-ecrr-automated-monitoring.ps1,scripts/ecrr-pre-commit-hook.ps1,script-exec,powershell,296
scripts/setup-ecrr-cicd-integration.ps1,scripts/lint-ecrr-compliance.ps1,script-exec,powershell,64
scripts/setup-ecrr-cicd-integration.ps1,scripts/monitor-ecrr-compliance-trends.ps1,script-exec,powershell,69
scripts/setup-ecrr-cicd-integration.ps1,scripts/generate-compliance-dashboard.ps1,script-exec,powershell,74
scripts/setup-ecrr-cicd-integration.ps1,scripts/monitor-ecrr-compliance-trends.ps1,script-exec,powershell,166
scripts/setup-ecrr-cicd-integration.ps1,scripts/generate-compliance-dashboard.ps1,script-exec,powershell,170
scripts/setup-ecrr-cicd-integration.ps1,scripts/post-workshop-validation.ps1,script-exec,powershell,302
scripts/setup-ecrr-cicd-integration.ps1,scripts/validate-ecrr-compliance.ps1,script-exec,powershell,348
scripts/setup-ecrr-cicd-integration.ps1,scripts/monitor-ecrr-compliance-trends.ps1,script-exec,powershell,351
scripts/setup-ecrr-cicd-integration.ps1,scripts/generate-compliance-dashboard.ps1,script-exec,powershell,354
scripts/setup-ecrr-scheduled-monitoring.ps1,`$scriptDir\continuous-ecrr-compliance-monitor.ps1,script-exec,powershell,50
scripts/setup-ecrr-scheduled-monitoring.ps1,`$scriptDir\ecrr-ci-integration.ps1,script-exec,powershell,63
scripts/setup-ecrr-scheduled-monitoring.ps1,`$scriptDir\ecrr-archive-manager.ps1,script-exec,powershell,76
scripts/setup-ecrr-scheduled-monitoring.ps1,scripts\setup-ecrr-scheduled-monitoring.ps1,script-exec,powershell,95
scripts/setup-forensic-verification.ps1,scripts\setup-forensic-verification.ps1,script-exec,powershell,20
scripts/setup-forensic-verification.ps1,scripts\setup-forensic-verification.ps1,script-exec,powershell,23
scripts/setup-forensic-verification.ps1,scripts\verify-pipeline.ps1,script-exec,powershell,141
scripts/setup-forensic-verification.ps1,scripts\verify-and-flip.ps1,script-exec,powershell,142
scripts/setup-forensic-verification.ps1,scripts\setup-forensic-verification.ps1,script-exec,powershell,157
scripts/setup-gpu-monitoring.ps1,scripts/validate-production-gpu.ps1,script-exec,powershell,422
scripts/setup-gpu-monitoring.ps1,scripts/gpu-watchdog.ps1,script-exec,powershell,423
scripts/setup-notification-webhook.ps1,scripts/setup-notification-webhook.ps1,script-exec,powershell,261
scripts/setup-notification-webhook.ps1,scripts/setup-notification-webhook.ps1,script-exec,powershell,262
scripts/setup-notification-webhook.ps1,scripts/setup-notification-webhook.ps1,script-exec,powershell,263
scripts/setup-notification-webhook.ps1,scripts/setup-notification-webhook.ps1,script-exec,powershell,264
scripts/setup-ollama-models.ps1,scripts\install-ollama-winget.ps1,script-exec,powershell,12
scripts/setup-opsgenie-webhook.ps1,scripts/setup-opsgenie-webhook.ps1,script-exec,powershell,101
scripts/setup-parallel-agent-automation.ps1,scripts/setup-parallel-agent-automation.ps1,script-exec,powershell,24
scripts/setup-parallel-agent-automation.ps1,scripts/setup-parallel-agent-automation.ps1,script-exec,powershell,27
scripts/setup-scheduled-monitoring-admin.ps1,scripts\setup-scheduled-monitoring.ps1,script-exec,powershell,22
scripts/setup-scheduled-monitoring-admin.ps1,`$scriptDir\quick-monitor.ps1,script-exec,powershell,72
scripts/setup-scheduled-monitoring-admin.ps1,`$scriptDir\canary-ecrr.ps1,script-exec,powershell,85
scripts/setup-scheduled-monitoring-admin.ps1,`$scriptDir\monitor-optimized-pipeline.ps1,script-exec,powershell,98
scripts/setup-scheduled-monitoring-admin.ps1,`$scriptDir\generate-weekly-report.ps1,script-exec,powershell,111
scripts/setup-scheduled-monitoring-admin.ps1,scripts\setup-scheduled-monitoring-admin.ps1,script-exec,powershell,132
scripts/setup-signoz-alerts.ps1,scripts/setup-signoz-alerts.ps1,script-exec,powershell,181
scripts/setup-signoz-api-key.ps1,scripts\integration-test-enterprise-views.ps1,script-exec,powershell,60
scripts/setup-signoz-api-key.ps1,scripts\cursor-startup-signoz-enterprise-views.ps1,script-exec,powershell,63
scripts/setup-signoz-authentication.ps1,scripts/import-dashboard.ps1,script-exec,powershell,171
scripts/setup-signoz-authentication.ps1,scripts/setup-webhooks.ps1,script-exec,powershell,173
scripts/setup-signoz-authentication.ps1,scripts/test-e2e-pipeline.ps1,script-exec,powershell,175
scripts/setup-signoz-integration.ps1,scripts/export-ecrr-metrics-to-signoz.ps1,script-exec,powershell,192
scripts/setup-signoz-integration.ps1,scripts/export-ecrr-metrics-to-signoz.ps1,script-exec,powershell,198
scripts/setup-signoz-integration.ps1,scripts/export-ecrr-metrics-to-signoz.ps1,script-exec,powershell,201
scripts/setup-slack-webhook.ps1,scripts/setup-slack-webhook.ps1,script-exec,powershell,100
scripts/setup-ssot-monitoring.ps1,scripts/monitor-ssot-health.ps1,script-exec,powershell,26
scripts/setup-ssot-monitoring.ps1,scripts/monitor-ssot-health.ps1,script-exec,powershell,77
scripts/setup-ssot-monitoring.ps1,.artifacts/ssot-monitoring-loop.ps1,script-exec,powershell,97
scripts/setup-ssot-monitoring.ps1,scripts/automate-ssot-updates.ps1,script-exec,powershell,104
scripts/setup-ssot-monitoring.ps1,.artifacts/ssot-monitoring-loop.ps1,script-exec,powershell,251
scripts/setup-teams-webhook.ps1,scripts/setup-teams-webhook.ps1,script-exec,powershell,97
scripts/setup-webhook-notifications.ps1,scripts/test-webhook.ps1,script-exec,powershell,504
scripts/setup-webhook-notifications.ps1,scripts/integrate-webhook-alerts.ps1,script-exec,powershell,505
scripts/setup-webhook-notifications.ps1,scripts/send-alert-notification.ps1,script-exec,powershell,506
scripts/setup-webhooks.ps1,scripts/setup-signoz-authentication.ps1,script-exec,powershell,125
scripts/setup-webhooks.ps1,scripts/test-webhook.ps1,script-exec,powershell,164
scripts/simple-production-monitor.ps1,scripts/monitor-ssot-health.ps1,script-exec,powershell,29
scripts/t1-nightly-integration.ps1,scripts/t1-nightly-integration.ps1,script-exec,powershell,54
scripts/test-e2e-pipeline.ps1,scripts/setup-signoz-authentication.ps1,script-exec,powershell,232
scripts/test-e2e-pipeline.ps1,scripts/import-dashboard.ps1,script-exec,powershell,233
scripts/test-e2e-pipeline.ps1,scripts/setup-webhooks.ps1,script-exec,powershell,234
scripts/test-github-token.ps1,scripts/create-gpu-epic-issues.ps1,script-exec,powershell,204
scripts/test-queue-integration.ps1,scripts\observability\emit-queue-telemetry.ps1,script-exec,powershell,30
scripts/test-signoz-integration.ps1,scripts/monitor-ecrr-compliance-trends.ps1,script-exec,powershell,223
scripts/update-daily-automation-enhanced.ps1,`scripts\canary-pattern-drills.ps1,script-exec,powershell,40
scripts/update-daily-automation-enhanced.ps1,scripts/canary-pattern-drills.ps1,script-exec,powershell,128
scripts/update-daily-automation-enhanced.ps1,scripts/canary-pattern-drills.ps1,script-exec,powershell,132
scripts/update-daily-automation-enhanced.ps1,scripts/enhanced-statistical-validation.ps1,script-exec,powershell,134
scripts/update-daily-automation-enhanced.ps1,scripts/enhanced-statistical-validation.ps1,script-exec,powershell,138
scripts/update-daily-automation-enhanced.ps1,scripts\manage-daily-pattern-drills-enhanced.ps1,script-exec,powershell,236
scripts/update-daily-automation-enhanced.ps1,scripts\manage-daily-pattern-drills-enhanced.ps1,script-exec,powershell,237
scripts/update-daily-automation-enhanced.ps1,scripts\manage-daily-pattern-drills-enhanced.ps1,script-exec,powershell,238
scripts/update-daily-automation-enhanced.ps1,scripts\verify-daily-pattern-drills-enhanced.ps1,script-exec,powershell,239
scripts/update-docs-index.ps1,scripts/nights/dashboard-export.ps1,script-exec,powershell,270
scripts/update-docs-index.ps1,scripts/update-docs-index.ps1,script-exec,powershell,276
scripts/update-docs-index.ps1,scripts/update-docs-index.ps1,script-exec,powershell,323
scripts/update-production-alerts.ps1,scripts/configure-ecrr-alerts.ps1,script-exec,powershell,19
scripts/update-production-alerts.ps1,scripts/monitor-ecrr-alerts.ps1,script-exec,powershell,55
scripts/verify-all-components.ps1,scripts/end-to-end-test.ps1,script-exec,powershell,257
scripts/verify-and-flip.ps1,scripts\verify-and-flip.ps1,script-exec,powershell,20
scripts/verify-and-flip.ps1,scripts\verify-and-flip.ps1,script-exec,powershell,24
scripts/verify-automation.ps1,scripts/validate-all.ps1,script-exec,powershell,180
scripts/verify-canary-monitoring-fix.ps1,scripts/adaptive-canary-monitor-enhanced.ps1,script-exec,powershell,143
scripts/verify-comfort-cat-setup.ps1,scripts\verify-comfort-cat-setup.ps1,script-exec,powershell,13
scripts/verify-e2-dashboard.ps1,scripts/publish-e2-results.ps1,script-exec,powershell,96
scripts/verify-e2-dashboard.ps1,scripts/import-dashboard.ps1,script-exec,powershell,97
scripts/verify-enterprise-views.ps1,scripts\verify-enterprise-views.ps1,script-exec,powershell,20
scripts/verify-gpu-codex.ps1,scripts\install-ollama-gpu.ps1,script-exec,powershell,150
scripts/verify-gpu-codex.ps1,scripts\install-ollama-gpu.ps1,script-exec,powershell,321
scripts/verify-pipeline.ps1,$PSScriptRoot\quick-monitor.ps1,script-exec,powershell,164
scripts/verify-pipeline.ps1,scripts\set-gate-status.ps1,script-exec,powershell,403
scripts/verify-pipeline.ps1,$PSScriptRoot\prune-evidence.ps1,script-exec,powershell,421
scripts/verify-queue-steward-task.ps1,scripts/setup-queue-steward-scheduled-task.ps1,script-exec,powershell,51
scripts/verify-scheduled-tasks.ps1,scripts\setup-scheduled-monitoring-admin.ps1,script-exec,powershell,32
scripts/verify-scheduled-tasks.ps1,scripts\setup-scheduled-monitoring-admin.ps1,script-exec,powershell,91
scripts/verify-signoz-completion.ps1,.\canary-test.ps1,script-exec,powershell,70
scripts/verify-windows-canary-alert.ps1,scripts/generate-windows-canary.ps1,script-exec,powershell,7
setup_cursor_implementer.ps1,scripts\quick-monitor.ps1,script-exec,powershell,456
scripts/ecrr-compliance-monitoring.ps1,$PSScriptRoot/validate-ecrr-compliance.ps1,dot-source,powershell,52
scripts/ps/error-capture.ps1,scripts/ps/error-capture.ps1,import-module,powershell,168
rolling_run.py,__future__,from-import,python,8
scripts/agent/tools/create_demo_model.py,onnx,from-import,python,8
scripts/mock_signoz_api.py,http.server,from-import,python,7
scripts/mock_signoz_api.py,urllib.parse,from-import,python,8
scripts/send_synthetic_otel_simple.py,opentelemetry,from-import,python,14
scripts/send_synthetic_otel_simple.py,opentelemetry.exporter.otlp.proto.grpc.trace_exporter,from-import,python,15
scripts/send_synthetic_otel_simple.py,opentelemetry.exporter.otlp.proto.http.trace_exporter,from-import,python,16
scripts/send_synthetic_otel_simple.py,opentelemetry.sdk.trace,from-import,python,17
scripts/send_synthetic_otel_simple.py,opentelemetry.sdk.trace.export,from-import,python,18
scripts/send_synthetic_otel_simple.py,opentelemetry.sdk.resources,from-import,python,19
scripts/send_synthetic_otel_simple.py,opentelemetry.semconv.resource,from-import,python,20
scripts/send_synthetic_otel_simple.py,opentelemetry.semconv.trace,from-import,python,21
scripts/t1-production-deploy.py,rolling_run,from-import,python,17
scripts/test-otlp-smoke.py,unittest.mock,from-import,python,16
sidecars/aggregation/aggregation_sidecar.py,dataclasses,from-import,python,14
sidecars/aggregation/aggregation_sidecar.py,fastapi,from-import,python,25
sidecars/aggregation/aggregation_sidecar.py,pydantic,from-import,python,26
sidecars/compression/compression_sidecar.py,dataclasses,from-import,python,15
sidecars/compression/compression_sidecar.py,fastapi,from-import,python,21
sidecars/compression/compression_sidecar.py,pydantic,from-import,python,22
sidecars/inference/inference_sidecar.py,dataclasses,from-import,python,14
sidecars/inference/inference_sidecar.py,fastapi,from-import,python,19
sidecars/inference/inference_sidecar.py,pydantic,from-import,python,20
synthetic/send_canary_with_traceid.py,opentelemetry,from-import,python,27
synthetic/send_canary_with_traceid.py,opentelemetry.sdk.resources,from-import,python,28
synthetic/send_canary_with_traceid.py,opentelemetry.sdk.trace,from-import,python,29
synthetic/send_canary_with_traceid.py,opentelemetry.sdk.trace.export,from-import,python,30
synthetic/send_canary_with_traceid.py,opentelemetry.exporter.otlp.proto.http.trace_exporter,from-import,python,31
synthetic/send_iona_boot_span.py,opentelemetry,from-import,python,13
synthetic/send_iona_boot_span.py,opentelemetry.sdk.trace,from-import,python,14
synthetic/send_iona_boot_span.py,opentelemetry.sdk.trace.export,from-import,python,15
synthetic/send_iona_boot_span.py,opentelemetry.exporter.otlp.proto.http.trace_exporter,from-import,python,16
synthetic/send_iona_boot_span.py,opentelemetry.sdk.resources,from-import,python,17
synthetic/send_synthetic_otel.py,opentelemetry,from-import,python,2
synthetic/send_synthetic_otel.py,opentelemetry.sdk.resources,from-import,python,3
synthetic/send_synthetic_otel.py,opentelemetry.sdk.trace,from-import,python,4
synthetic/send_synthetic_otel.py,opentelemetry.sdk.trace.export,from-import,python,5
synthetic/send_synthetic_otel.py,opentelemetry.exporter.otlp.proto.grpc.trace_exporter,from-import,python,6
synthetic/send_synthetic_otel.py,opentelemetry.sdk._logs,from-import,python,7
synthetic/send_synthetic_otel.py,opentelemetry.exporter.otlp.proto.grpc._log_exporter,from-import,python,8
synthetic/send_synthetic_otel.py,opentelemetry.sdk._logs.export,from-import,python,9
synthetic/send_synthetic_otel.py,opentelemetry._logs.severity,from-import,python,10
synthetic/send_synthetic_otel_simple.py,opentelemetry,from-import,python,2
synthetic/send_synthetic_otel_simple.py,opentelemetry.sdk.resources,from-import,python,3
synthetic/send_synthetic_otel_simple.py,opentelemetry.sdk.trace,from-import,python,4
synthetic/send_synthetic_otel_simple.py,opentelemetry.sdk.trace.export,from-import,python,5
synthetic/send_synthetic_otel_simple.py,opentelemetry.exporter.otlp.proto.grpc.trace_exporter,from-import,python,6
tests/locust/bosscat_gate_verification.py,locust,from-import,python,1
tests/locust/signoz_user_journey.py,locust,from-import,python,1
experiments/codex-local-logfilter/tests/test_logfilter.py,subprocess,import,python,1
gpu-metrics-emitter.py,time,import,python,7
gpu-metrics-simple.py,time,import,python,7
gpu-voice-analysis.py,torch,import,python,7
gpu-voice-analysis.py,torchaudio,import,python,8
gpu-voice-analysis.py,numpy,import,python,9
gpu-voice-analysis.py,time,import,python,11
pfac_run.py,time,import,python,9
pfac_run.py,subprocess,import,python,12
pfac_run.py,hashlib,import,python,13
rolling_run.py,ctypes,import,python,10
rolling_run.py,hashlib,import,python,11
rolling_run.py,math,import,python,13
rolling_run.py,shutil,import,python,15
rolling_run.py,subprocess,import,python,16
rolling_run.py,time,import,python,18
rolling_run.py,numpy,import,python,23
scripts/agent/tools/create_demo_model.py,numpy,import,python,6
scripts/agent/tools/create_demo_model.py,onnx,import,python,7
scripts/agent/tools/gpu_infer.py,time,import,python,12
scripts/archive_signoz_snapshots.py,shutil,import,python,6
scripts/bosscat_health_check.py,socket,import,python,5
scripts/generate_status_jsons.py,subprocess,import,python,20
scripts/generate_status_jsons.py,glob,import,python,21
scripts/mock_signoz_api.py,threading,import,python,6
scripts/monitor-ci-pipeline.py,time,import,python,9
scripts/parse-locust-results.py,csv,import,python,8
scripts/run-local-pipeline.py,subprocess,import,python,10
scripts/run-local-pipeline.py,time,import,python,12
scripts/run-local-pipeline.py,shutil,import,python,17
scripts/send_synthetic_otel_simple.py,time,import,python,8
scripts/send_synthetic_otel_simple.py,random,import,python,9
scripts/send_synthetic_otel_simple.py,uuid,import,python,10
scripts/start-gpu-sidecars.py,subprocess,import,python,4
scripts/start-gpu-sidecars.py,time,import,python,6
scripts/status_server.py,http.server,import,python,14
scripts/status_server.py,socketserver,import,python,15
scripts/t1_health_dashboard.py,time,import,python,10
scripts/t1_production_deploy.py,time,import,python,10
scripts/t1_production_deploy.py,subprocess,import,python,13
scripts/t1_production_deploy.py,numpy,import,python,14
scripts/t1_scaling_analysis.py,subprocess,import,python,10
scripts/t1_signoz_integration.py,time,import,python,10
scripts/test-dry-run.py,subprocess,import,python,10
scripts/test-dry-run.py,time,import,python,12
scripts/test-dry-run.py,shutil,import,python,17
scripts/test-otlp-smoke.py,time,import,python,11
scripts/test-otlp-smoke.py,uuid,import,python,12
scripts/verify-gate-readiness.py,time,import,python,8
scripts/verify-synthetic-ingestion-enhanced.py,time,import,python,8
sidecars/aggregation/aggregation_sidecar.py,time,import,python,9
sidecars/aggregation/aggregation_sidecar.py,asyncio,import,python,10
sidecars/aggregation/aggregation_sidecar.py,pandas,import,python,23
sidecars/aggregation/aggregation_sidecar.py,numpy,import,python,24
sidecars/compression/compression_sidecar.py,time,import,python,9
sidecars/compression/compression_sidecar.py,asyncio,import,python,11
sidecars/compression/compression_sidecar.py,zstandard,import,python,18
sidecars/compression/compression_sidecar.py,lz4.frame,import,python,19
sidecars/compression/compression_sidecar.py,numpy,import,python,20
sidecars/inference/inference_sidecar.py,time,import,python,9
sidecars/inference/inference_sidecar.py,asyncio,import,python,10
sidecars/inference/inference_sidecar.py,numpy,import,python,17
sidecars/inference/inference_sidecar.py,tritonclient.http,import,python,18
synthetic/send_canary_with_traceid.py,time,import,python,32
synthetic/send_iona_boot_span.py,time,import,python,12
synthetic/send_synthetic_otel.py,time,import,python,1
synthetic/send_synthetic_otel_simple.py,time,import,python,1
tests/locust/bosscat_gate_verification.py,random,import,python,2
tests/locust/bosscat_gate_verification.py,time,import,python,3
tests/locust/signoz_user_journey.py,random,import,python,2
tests/locust/signoz_user_journey.py,time,import,python,3
triton-models/simple_identity/1/model.py,numpy,import,python,1
triton-models/simple_identity/1/model.py,triton_python_backend_utils,import,python,2
validate-yaml.py,yaml,import,python,2
yaml-check.py,yaml,import,python,1
app/api/admin/jobs/route.ts,@/lib/background/jobs,import-from,typescript,6
app/api/admin/jobs/route.ts,@/lib/middleware/auth,import-from,typescript,7
app/api/admin/jobs/route.ts,@/lib/middleware/otel,import-from,typescript,8
app/api/admin/jobs/route.ts,@/lib/middleware/rate-limit,import-from,typescript,9
app/api/admin/jobs/route.ts,@/lib/db,import-from,typescript,10
app/api/admin/jobs/stats/route.ts,@/lib/background/jobs,import-from,typescript,3
app/api/admin/jobs/stats/route.ts,@/lib/middleware/auth,import-from,typescript,4
app/api/admin/jobs/stats/route.ts,@/lib/middleware/otel,import-from,typescript,5
app/api/admin/jobs/stats/route.ts,@/lib/middleware/rate-limit,import-from,typescript,6
app/api/admin/jobs/stats/route.ts,@/lib/db,import-from,typescript,7
app/api/auth/callback/route.ts,@/lib/validation/schemas,import-from,typescript,6
app/api/auth/callback/route.ts,@/lib/middleware/auth,import-from,typescript,7
app/api/auth/callback/route.ts,@/lib/middleware/otel,import-from,typescript,8
app/api/auth/callback/route.ts,@/lib/middleware/rate-limit,import-from,typescript,9
app/api/auth/callback/route.ts,@/lib/db,import-from,typescript,10
app/api/auth/magic-link/route.ts,@/lib/validation/schemas,import-from,typescript,6
app/api/auth/magic-link/route.ts,@/lib/middleware/auth,import-from,typescript,7
app/api/auth/magic-link/route.ts,@/lib/middleware/otel,import-from,typescript,8
app/api/auth/magic-link/route.ts,@/lib/middleware/rate-limit,import-from,typescript,9
app/api/auth/magic-link/route.ts,@/lib/db,import-from,typescript,11
app/api/coach/[grantId]/route.ts,@/lib/validation/schemas,import-from,typescript,6
app/api/coach/[grantId]/route.ts,@/lib/encryption/coach-portal,import-from,typescript,7
app/api/coach/[grantId]/route.ts,@/lib/middleware/auth,import-from,typescript,8
app/api/coach/[grantId]/route.ts,@/lib/middleware/otel,import-from,typescript,9
app/api/coach/[grantId]/route.ts,@/lib/middleware/rate-limit,import-from,typescript,10
app/api/events/batch/route.ts,@/lib/validation/schemas,import-from,typescript,6
app/api/events/batch/route.ts,@/lib/db,import-from,typescript,8
app/api/events/batch/route.ts,@/lib/middleware/rate-limit,import-from,typescript,9
app/api/events/batch/route.ts,@/lib/middleware/otel,import-from,typescript,10
app/api/feedback/report/route.ts,@/lib/validation/schemas,import-from,typescript,3
app/api/feedback/report/route.ts,@/lib/middleware/auth,import-from,typescript,4
app/api/feedback/report/route.ts,@/lib/middleware/otel,import-from,typescript,5
app/api/feedback/report/route.ts,@/lib/middleware/rate-limit,import-from,typescript,6
app/api/feedback/report/route.ts,@/lib/db,import-from,typescript,7
app/api/feedback/report/route.ts,@/lib/observability/signoz,import-from,typescript,8
app/api/feedback/route.ts,@/lib/validation/schemas,import-from,typescript,6
app/api/feedback/route.ts,@/lib/middleware/auth,import-from,typescript,7
app/api/feedback/route.ts,@/lib/middleware/otel,import-from,typescript,8
app/api/feedback/route.ts,@/lib/middleware/rate-limit,import-from,typescript,9
app/api/feedback/route.ts,@/lib/db,import-from,typescript,10
app/api/feedback/route.ts,@/lib/observability/signoz,import-from,typescript,11
app/api/feedback/stats/route.ts,@/lib/middleware/auth,import-from,typescript,3
app/api/feedback/stats/route.ts,@/lib/middleware/otel,import-from,typescript,4
app/api/feedback/stats/route.ts,@/lib/middleware/rate-limit,import-from,typescript,5
app/api/feedback/stats/route.ts,@/lib/db,import-from,typescript,6
app/api/health/detailed/route.ts,@/lib/db,import-from,typescript,3
app/api/health/detailed/route.ts,@/lib/middleware/otel,import-from,typescript,4
app/api/health/detailed/route.ts,../utils,import-from,typescript,5
app/api/me/consent/route.ts,@/lib/validation/schemas,import-from,typescript,6
app/api/me/consent/route.ts,@/lib/db,import-from,typescript,7
app/api/me/consent/route.ts,@/lib/middleware/auth,import-from,typescript,8
app/api/me/consent/route.ts,@/lib/middleware/otel,import-from,typescript,9
app/api/me/engagement/route.ts,@/lib/validation/schemas,import-from,typescript,6
app/api/me/engagement/route.ts,@/lib/db,import-from,typescript,7
app/api/me/engagement/route.ts,@/lib/middleware/auth,import-from,typescript,8
app/api/me/engagement/route.ts,@/lib/middleware/otel,import-from,typescript,9
app/api/me/export/route.ts,@/lib/validation/schemas,import-from,typescript,6
app/api/me/export/route.ts,@/lib/middleware/auth,import-from,typescript,7
app/api/me/export/route.ts,@/lib/middleware/otel,import-from,typescript,8
app/api/me/export/route.ts,@/lib/middleware/rate-limit,import-from,typescript,9
app/api/me/export/route.ts,@/lib/db,import-from,typescript,10
app/api/memx/export/route.ts,@/scripts/memx/normalize,import-from,typescript,2
app/api/memx/health/route.ts,@/scripts/memx/normalize,import-from,typescript,2
app/api/story/chapters/progress/route.ts,@/lib/middleware/auth,import-from,typescript,3
app/api/story/chapters/progress/route.ts,@/lib/middleware/otel,import-from,typescript,4
app/api/story/chapters/progress/route.ts,@/lib/middleware/rate-limit,import-from,typescript,5
app/api/story/chapters/progress/route.ts,@/lib/db,import-from,typescript,6
app/api/story/chapters/route.ts,@/lib/validation/schemas,import-from,typescript,6
app/api/story/chapters/route.ts,@/lib/middleware/auth,import-from,typescript,7
app/api/story/chapters/route.ts,@/lib/middleware/otel,import-from,typescript,8
app/api/story/chapters/route.ts,@/lib/middleware/rate-limit,import-from,typescript,9
app/api/story/chapters/route.ts,@/lib/db,import-from,typescript,10
app/api/story/chapters/stats/route.ts,@/lib/middleware/auth,import-from,typescript,3
app/api/story/chapters/stats/route.ts,@/lib/middleware/otel,import-from,typescript,4
app/api/story/chapters/stats/route.ts,@/lib/middleware/rate-limit,import-from,typescript,5
app/api/story/chapters/stats/route.ts,@/lib/db,import-from,typescript,6
app/diagnostics/page.tsx,@/components/TelemetryShell,import-from,typescript,17
app/layout.tsx,../components/TracingProvider,import-from,typescript,6
app/layout.tsx,./telemetry-init,import-from,typescript,7
app/telemetry-init.tsx,@/lib/telemetry/iona-telemetry,import-from,typescript,14
components/TelemetryShell.tsx,@/components/telemetry/MetricsPanel,import-from,typescript,13
components/TelemetryShell.tsx,@/components/telemetry/TracesPanel,import-from,typescript,14
components/TelemetryShell.tsx,@/components/telemetry/LogsPanel,import-from,typescript,15
components/TelemetryShell.tsx,@/components/telemetry/ControlsPanel,import-from,typescript,16
lib/background/jobs.ts,@/lib/db,import-from,typescript,5
lib/background/jobs.ts,@/lib/middleware/auth,import-from,typescript,6
lib/background/jobs.ts,@/lib/encryption/coach-portal,import-from,typescript,7
lib/background/jobs.ts,@/lib/observability/signoz,import-from,typescript,8
lib/encryption/coach-portal.ts,@/lib/db,import-from,typescript,5
lib/middleware/auth.ts,@/lib/db,import-from,typescript,7
scripts/agent/cursor-agent-system.ts,./orchestrator,import-from,typescript,10
scripts/agent/cursor-agent-system.ts,./sqlite-queue,import-from,typescript,11
scripts/agent/cursor-agent-system.ts,./ecrr-compliance,import-from,typescript,12
scripts/agent/db.test.ts,./db,import-from,typescript,5
scripts/agent/db.test.ts,../../lib/config/queue,import-from,typescript,6
scripts/agent/db.ts,../../lib/config/queue,import-from,typescript,9
scripts/agent/debug-runner.ts,./db,import-from,typescript,7
scripts/agent/debug-runner.ts,../../lib/config/queue,import-from,typescript,8
scripts/agent/error-watcher/capture.ts,./fingerprint,import-from,typescript,3
scripts/agent/error-watcher/capture.ts,./publisher,import-from,typescript,4
scripts/agent/error-watcher/error-radar.ts,./capture,import-from,typescript,1
scripts/agent/flip-shadow-canonical.ts,./verify-shadow-canonical,import-from,typescript,7
scripts/agent/migrate/from-json.ts,../db,import-from,typescript,10
scripts/agent/migrate/from-json.ts,../../../lib/config/queue,import-from,typescript,11
scripts/agent/run-lane.ts,./lock,import-from,typescript,16
scripts/agent/run-lane.ts,./retry,import-from,typescript,17
scripts/agent/runner.ts,./db,import-from,typescript,13
scripts/agent/runner.ts,../../lib/config/queue,import-from,typescript,14
scripts/agent/runner.ts,./io,import-from,typescript,15
scripts/agent/status.ts,./io,import-from,typescript,7
scripts/agent/status.ts,./db,import-from,typescript,8
scripts/agent/status.ts,../../lib/config/queue,import-from,typescript,9
scripts/agent/test-runner.ts,./runner,import-from,typescript,7
scripts/agent/test-runner.ts,./db,import-from,typescript,8
scripts/agent/test-runner.ts,../../lib/config/queue,import-from,typescript,9
scripts/agent/test-runner.ts,./io,import-from,typescript,10
scripts/agent/test-sqlite.ts,./db,import-from,typescript,6
scripts/agent/test-sqlite.ts,../../lib/config/queue,import-from,typescript,7
scripts/agent/verify-shadow-canonical.ts,./io,import-from,typescript,7
scripts/roadmap/clean.ts,./examine.js,import-from,typescript,15
scripts/roadmap/index.ts,./examine.js,import-from,typescript,19
scripts/roadmap/index.ts,./clean.js,import-from,typescript,20
scripts/roadmap/index.ts,./report.js,import-from,typescript,21
scripts/roadmap/report.ts,./clean.js,import-from,typescript,15
tests/contract/api-contract.test.ts,@/lib/validation/schemas,import-from,typescript,5
tests/e2e/setup/hardening.ts,../helpers/error-capture,import-from,typescript,2
tests/k6/baseline-test.js,./lib/summary.js,import-from,typescript,4
tests/k6/lib/summary.js,./utils.js,import-from,typescript,1
tests/k6/load-test.js,./lib/summary.js,import-from,typescript,4
tests/k6/soak-test.js,./lib/summary.js,import-from,typescript,4
tests/k6/stress-test.js,./lib/summary.js,import-from,typescript,4
tests/memx-chromium-debug.spec.ts,./helpers/error-capture,import-from,typescript,2
tests/memx-enhanced.spec.ts,./helpers/error-capture,import-from,typescript,2
tests/memx.normalize.test.ts,../scripts/memx/normalize,import-from,typescript,2
tests/memx.spec.ts,./helpers/error-capture,import-from,typescript,2
tests/privacy/privacy-validation.test.ts,@/lib/validation/schemas,import-from,typescript,5
tests/signoz-sleekify.spec.ts,./helpers/error-capture,import-from,typescript,3
tests/signoz.final.spec.ts,./helpers/error-capture,import-from,typescript,2
tests/tetragrammaton/src/integration/orchestrator.ts,../interface/cli,import-from,typescript,1
tests/tetragrammaton/src/integration/orchestrator.ts,../validation/quadrantValidator,import-from,typescript,2
tests/tetragrammaton/src/validation/quadrantValidator.ts,../foundation/textProcessor,import-from,typescript,1
