Source,Target,Type,Pattern
.agent/process-tasks.ps1,validation/validate-otlp-exporter.ps1,script-exec,111
.agent/process-tasks.ps1,validation/validate-tail-sampling.ps1,script-exec,152
.agent/process-tasks.ps1,validation/validate-cardinality.ps1,script-exec,193
.agent/process-tasks.ps1,validation/validate-gpu-thermal.ps1,script-exec,230
artifacts/capture-evidence.ps1,.\scripts\verify-integration.ps1,script-exec,41
canary-monitor.ps1,verify-pipeline.ps1,script-exec,70
canary-monitor.ps1,verify-integration.ps1,script-exec,71
deploy-pressure-monitoring.ps1,scripts\test-alerting.ps1,script-exec,83
deploy-pressure-monitoring.ps1,scripts\canary-test.ps1,script-exec,162
quick-status-check.ps1,monitor-parallel-validation.ps1,script-exec,55
scripts/EXECUTE_HANDS_FREE_SWITCH_ON.ps1,scripts\EXECUTE_HANDS_FREE_SWITCH_ON.ps1,script-exec,12
scripts/EXECUTE_HANDS_FREE_SWITCH_ON.ps1,scripts\EXECUTE_HANDS_FREE_SWITCH_ON.ps1,script-exec,31
scripts/EXECUTE_HANDS_FREE_SWITCH_ON.ps1,$PSScriptRoot\bosscat-hands-free-switch-on.ps1,script-exec,60
scripts/PROC.ps1,scripts/process-ecrr-and-boss.ps1,script-exec,16
scripts/agent/enforce-guardrails.ps1,scripts/agent/update-status.ps1,script-exec,270
scripts/agent/health-gate.ps1,scripts/verify-wiring.ps1,script-exec,22
scripts/agent/health-gate.ps1,scripts/verify-wiring.ps1,script-exec,56
scripts/agent/health-gate.ps1,scripts/agent/update-status.ps1,script-exec,76
scripts/agent/health-gate.ps1,scripts/agent/update-status.ps1,script-exec,77
scripts/agent/setup-local.ps1,scripts/agent/health-gate.ps1,script-exec,188
scripts/agent/setup-local.ps1,scripts/agent/update-status.ps1,script-exec,198
scripts/agent/staged-failure-drill.ps1,scripts/agent/remediation.ps1,script-exec,73
scripts/agent/staged-failure-drill.ps1,scripts/agent/remediation.ps1,script-exec,114
scripts/agent/staged-failure-drill.ps1,scripts/agent/remediation.ps1,script-exec,164
scripts/agent/staged-failure-drill.ps1,scripts/agent/webhook-handler.ps1,script-exec,193
scripts/agent/staged-failure-drill.ps1,scripts/agent/webhook-handler.ps1,script-exec,204
scripts/agent/staged-failure-drill.ps1,scripts/agent/webhook-handler.ps1,script-exec,215
scripts/agent/staged-failure-drill.ps1,scripts/agent/webhook-handler.ps1,script-exec,259
scripts/agent/watchdog-enhanced.ps1,scripts/agent/update-status.ps1,script-exec,105
scripts/agent/watchdog-enhanced.ps1,scripts/agent/doctor.ps1,script-exec,131
scripts/agent/watchdog-enhanced.ps1,scripts/agent/update-status.ps1,script-exec,263
scripts/agent/watchdog-enhanced.ps1,scripts/agent/update-status.ps1,script-exec,304
scripts/agent/watchdog.ps1,scripts/agent/update-status.ps1,script-exec,82
scripts/agent/watchdog.ps1,scripts/agent/doctor.ps1,script-exec,103
scripts/agent/watchdog.ps1,scripts/agent/update-status.ps1,script-exec,233
scripts/agent/watchdog.ps1,scripts/agent/update-status.ps1,script-exec,274
scripts/automation-scaling.ps1,scripts/predictive-ssot-automation.ps1,script-exec,608
scripts/automation-scaling.ps1,scripts/ssot-load-balancing.ps1,script-exec,615
scripts/automation-scaling.ps1,scripts/ssot-auto-scaling.ps1,script-exec,622
scripts/automation-scaling.ps1,scripts/intelligent-ssot-alerting.ps1,script-exec,629
scripts/automation-scaling.ps1,scripts/integrated-ssot-scaling.ps1,script-exec,684
scripts/automation-scaling.ps1,scripts/integrated-ssot-scaling.ps1,script-exec,687
scripts/benchmark-orchestrator.ps1,scripts/benchmark-process-all-ecrr-reports.ps1,script-exec,136
scripts/bosscat-auto-execute.ps1,scripts\bosscat-auto-execute.ps1,script-exec,9
scripts/bosscat-auto-execute.ps1,scripts\bosscat-auto-execute.ps1,script-exec,12
scripts/bosscat-auto-execute.ps1,scripts\bosscat-auto-execute.ps1,script-exec,15
scripts/bosscat-auto-execute.ps1,scripts\bosscat-auto-execute.ps1,script-exec,94
scripts/bosscat-auto-execute.ps1,scripts\bosscat-auto-execute.ps1,script-exec,97
scripts/bosscat-cleanup-alerts.ps1,scripts/bosscat-cleanup-alerts.ps1,script-exec,9
scripts/bosscat-cleanup-alerts.ps1,scripts/bosscat-cleanup-alerts.ps1,script-exec,12
scripts/bosscat-create-signoz-alerts.ps1,scripts/bosscat-create-signoz-alerts.ps1,script-exec,11
scripts/bosscat-create-signoz-alerts.ps1,scripts/bosscat-create-signoz-alerts.ps1,script-exec,12
scripts/bosscat-create-signoz-alerts.ps1,scripts/bosscat-create-signoz-alerts.ps1,script-exec,13
scripts/bosscat-golden-snapshot.ps1,scripts/bosscat-golden-snapshot.ps1,script-exec,8
scripts/bosscat-hands-free-switch-on.ps1,scripts/bosscat-hands-free-switch-on.ps1,script-exec,14
scripts/bosscat-hands-free-switch-on.ps1,scripts/bosscat-hands-free-switch-on.ps1,script-exec,29
scripts/bosscat-hands-free-switch-on.ps1,scripts/bosscat-create-signoz-alerts.ps1,script-exec,137
scripts/bosscat-hands-free-switch-on.ps1,scripts/iona-trace-canary.ps1,script-exec,155
scripts/bosscat-hands-free-switch-on.ps1,scripts/bosscat-verify-signoz-completion.ps1,script-exec,175
scripts/bosscat-ops-oneliners.ps1,scripts/bosscat-ops-oneliners.ps1,script-exec,7
scripts/bosscat-sentinel-alert.ps1,scripts/bosscat-sentinel-alert.ps1,script-exec,11
scripts/bosscat-sentinel-alert.ps1,scripts/bosscat-sentinel-alert.ps1,script-exec,26
scripts/bosscat-signoz-smoke-check.ps1,scripts/bosscat-signoz-smoke-check.ps1,script-exec,11
scripts/bosscat-signoz-smoke-check.ps1,scripts/bosscat-signoz-smoke-check.ps1,script-exec,26
scripts/bosscat-steps-7-8.ps1,scripts\iona-canary.ps1,script-exec,58
scripts/bosscat-steps-7-8.ps1,scripts\iona-trace-canary.ps1,script-exec,94
scripts/bosscat-verify-signoz-completion.ps1,scripts/bosscat-verify-signoz-completion.ps1,script-exec,11
scripts/bosscat-verify-signoz-completion.ps1,scripts/bosscat-verify-signoz-completion.ps1,script-exec,12
scripts/bosscat-verify-signoz-completion.ps1,scripts/bosscat-verify-signoz-completion.ps1,script-exec,13
scripts/calc-p95-latency.ps1,scripts\calc-p95-latency.ps1,script-exec,27
scripts/calc-p95-latency.ps1,scripts\calc-p95-latency.ps1,script-exec,30
scripts/calc-p95-latency.ps1,scripts\verify-pipeline.ps1,script-exec,44
scripts/canary-ecrr.ps1,scripts/canary-ecrr.ps1,script-exec,5
scripts/capture-dashboard-screenshot.ps1,scripts/publish-e2-results.ps1,script-exec,98
scripts/check-latency-readiness.ps1,scripts/generate-synthetic-load.ps1,script-exec,157
scripts/ci-ecrr-compliance.ps1,scripts/validate-ecrr-compliance.ps1,script-exec,25
scripts/ci-integration-setup.ps1,scripts/ci-ecrr-compliance.ps1,script-exec,47
scripts/ci-integration-setup.ps1,scripts/ci-ecrr-compliance.ps1,script-exec,129
scripts/ci-integration-setup.ps1,scripts/ci-ecrr-compliance.ps1,script-exec,131
scripts/ci-integration-setup.ps1,scripts/ci-ecrr-compliance.ps1,script-exec,174
scripts/cleanup-artifacts.ps1,scripts/cleanup-artifacts.ps1,script-exec,20
scripts/cleanup-artifacts.ps1,scripts/cleanup-artifacts.ps1,script-exec,23
scripts/comfort-cat-sanity-sweep.ps1,scripts\comfort-cat-sanity-sweep.ps1,script-exec,13
scripts/complete-setup.ps1,scripts/test-signoz-auth.ps1,script-exec,108
scripts/complete-setup.ps1,scripts/test-webhook.ps1,script-exec,122
scripts/complete-setup.ps1,scripts/verify-resonai.ps1,script-exec,145
scripts/complete-setup.ps1,scripts/test-webhook.ps1,script-exec,156
scripts/configure-alerts-manual.ps1,scripts/canary-test.ps1,script-exec,109
scripts/configure-ecrr-alerts.ps1,scripts/monitor-ecrr-alerts.ps1,script-exec,70
scripts/configure-ecrr-alerts.ps1,scripts/monitor-ecrr-alerts.ps1,script-exec,79
scripts/configure-ecrr-alerts.ps1,scripts/schedule-ecrr-trends.ps1,script-exec,80
scripts/configure-service-recovery.ps1,scripts\configure-service-recovery.ps1,script-exec,18
scripts/configure-service-recovery.ps1,scripts\configure-service-recovery.ps1,script-exec,21
scripts/configure-signoz-alerts.ps1,scripts/configure-signoz-alerts.ps1,script-exec,2
scripts/configure-webhook-url.ps1,scripts/configure-webhook-url.ps1,script-exec,33
scripts/configure-webhook-url.ps1,scripts/configure-webhook-url.ps1,script-exec,34
scripts/configure-webhook-url.ps1,scripts/configure-webhook-url.ps1,script-exec,35
scripts/configure-webhook-url.ps1,scripts/webhook-status.ps1,script-exec,240
scripts/configure-webhook-url.ps1,scripts/test-webhook.ps1,script-exec,241
scripts/configure-webhook-url.ps1,scripts/integrate-webhook-alerts.ps1,script-exec,242
scripts/continuous-improvement.ps1,scripts/ssot-usage-analysis.ps1,script-exec,228
scripts/continuous-improvement.ps1,scripts/ssot-performance-optimization.ps1,script-exec,381
scripts/continuous-improvement.ps1,scripts/ssot-monitoring-enhancement.ps1,script-exec,565
scripts/continuous-improvement.ps1,scripts/ssot-automation-improvement.ps1,script-exec,690
scripts/cursor-agent-monitor.ps1,scripts/cursor-agent-processor.ps1,script-exec,85
scripts/cursor-startup-signoz-enterprise-views.ps1,scripts\cursor-startup-signoz-enterprise-views.ps1,script-exec,41
scripts/deploy-ecrr-ci.ps1,scripts/lint-ecrr-compliance.ps1,script-exec,37
scripts/deploy-ecrr-ci.ps1,scripts/lint-ecrr-compliance.ps1,script-exec,87
scripts/deploy-ecrr-ci.ps1,scripts/lint-ecrr-compliance.ps1,script-exec,113
scripts/deploy-ecrr-ci.ps1,scripts/validate-ecrr-compliance.ps1,script-exec,114
scripts/deploy-gpu-sidecars.ps1,scripts/manage-gpu-sidecars.ps1,script-exec,71
scripts/deploy-gpu-sidecars.ps1,scripts/validate-production-gpu.ps1,script-exec,174
scripts/deploy-gpu-sidecars.ps1,scripts/validate-production-gpu.ps1,script-exec,213
scripts/deploy-gpu-sidecars.ps1,scripts/validate-production-gpu.ps1,script-exec,394
scripts/deploy-gpu-sidecars.ps1,scripts/test-gpu-sidecars.ps1,script-exec,418
scripts/deploy-gpu-sidecars.ps1,verify-integration.ps1,script-exec,421
scripts/deploy-gpu-sidecars.ps1,scripts/validate-production-gpu.ps1,script-exec,424
scripts/deploy-gpu-sidecars.ps1,scripts/gpu-watchdog.ps1,script-exec,430
scripts/deploy-gpu-sidecars.ps1,scripts/production-monitoring.ps1,script-exec,433
scripts/deploy-gpu-sidecars.ps1,scripts/manage-gpu-sidecars.ps1,script-exec,439
scripts/deploy-gpu-sidecars.ps1,scripts/manage-gpu-sidecars.ps1,script-exec,442
scripts/deploy-gpu-sidecars.ps1,scripts/manage-gpu-sidecars.ps1,script-exec,445
scripts/deploy-gpu-sidecars.ps1,scripts/manage-gpu-sidecars.ps1,script-exec,448
scripts/deploy-gpu-sidecars.ps1,scripts/manage-gpu-sidecars.ps1,script-exec,458
scripts/deploy-gpu-sidecars.ps1,scripts/manage-gpu-sidecars.ps1,script-exec,480
scripts/deploy-gpu-sidecars.ps1,scripts/manage-gpu-sidecars.ps1,script-exec,486
scripts/deploy-gpu-sidecars.ps1,scripts/test-gpu-sidecars.ps1,script-exec,489
scripts/deploy-nightly-automation.ps1,scripts/generate-dashboard-snapshots.ps1,script-exec,119
scripts/deploy-nightly-automation.ps1,scripts/setup-github-repo-security.ps1,script-exec,252
scripts/deploy-nightly-automation.ps1,scripts/setup-github-secrets.ps1,script-exec,409
scripts/deploy-windows-canary-alert-session.ps1,scripts\deploy-windows-canary-alert-session.ps1,script-exec,28
scripts/deploy-windows-canary-alert-session.ps1,scripts\deploy-windows-canary-alert-session.ps1,script-exec,34
scripts/diagnostic-shell-enhanced.ps1,$PSScriptRoot/verify-wiring.ps1,script-exec,162
scripts/diagnostic-shell-enhanced.ps1,$PSScriptRoot/enterprise-readiness-check.ps1,script-exec,192
scripts/direct-production-monitor.ps1,scripts/monitor-ssot-health.ps1,script-exec,35
scripts/direct-production-monitor.ps1,scripts/notify-alert.ps1,script-exec,71
scripts/direct-production-monitor.ps1,scripts/notify-alert.ps1,script-exec,82
scripts/direct-production-monitor.ps1,scripts/notify-alert.ps1,script-exec,106
scripts/direct-production-monitor.ps1,scripts/notify-alert.ps1,script-exec,126
scripts/ecrr-doctor.ps1,scripts/ecrr-doctor.ps1,script-exec,5
scripts/ecrr-doctor.ps1,scripts/canary-test.ps1,script-exec,127
scripts/ecrr-process-and-publish.ps1,scripts/ecrr-processing-summary.ps1,script-exec,24
scripts/ecrr-process-and-publish.ps1,scripts/monitor-ecrr-compliance.ps1,script-exec,37
scripts/ecrr-schedule-monitoring.ps1,scripts/ecrr-schedule-monitoring.ps1,script-exec,191
scripts/ecrr-schedule-monitoring.ps1,scripts/ecrr-schedule-monitoring.ps1,script-exec,192
scripts/ecrr-schedule-monitoring.ps1,scripts/ecrr-schedule-monitoring.ps1,script-exec,193
scripts/ecrr-schedule-monitoring.ps1,scripts/ecrr-schedule-monitoring.ps1,script-exec,194
scripts/ecrr-schedule-monitoring.ps1,scripts/ecrr-schedule-monitoring.ps1,script-exec,198
scripts/ecrr-schedule-monitoring.ps1,scripts/ecrr-schedule-monitoring.ps1,script-exec,199
scripts/ecrr-schedule-monitoring.ps1,scripts/ecrr-schedule-monitoring.ps1,script-exec,200
scripts/ecrr-schedule-monitoring.ps1,scripts/ecrr-schedule-monitoring.ps1,script-exec,201
scripts/ecrr-webhook-config.ps1,scripts/ecrr-webhook-config.ps1,script-exec,292
scripts/ecrr-webhook-config.ps1,scripts/ecrr-webhook-config.ps1,script-exec,301
scripts/ecrr-webhook-config.ps1,scripts/ecrr-webhook-config.ps1,script-exec,310
scripts/ecrr-webhook-config.ps1,scripts/ecrr-webhook-config.ps1,script-exec,392
scripts/ecrr-weekly-monitor.ps1,scripts/ecrr-compliance-monitor.ps1,script-exec,56
scripts/ecrr/collect-evidence.ps1,scripts/ecrr/collect-evidence.ps1,script-exec,70
scripts/enable-full-automation.ps1,.\canary-test.ps1,script-exec,37
scripts/enforce-4-section-structure.ps1,$PSScriptRoot/enforce-four-section-structure.ps1,script-exec,2
scripts/enhanced-analytics-monitor.ps1,scripts/enhanced-analytics-monitor.ps1,script-exec,3
scripts/enhanced-analytics-monitor.ps1,scripts/optimize-end-to-end-pipeline.ps1,script-exec,433
scripts/final-deployment-checklist.ps1,scripts/manage-gpu-sidecars.ps1,script-exec,74
scripts/final-deployment-checklist.ps1,scripts/test-gpu-sidecars.ps1,script-exec,176
scripts/final-deployment-checklist.ps1,scripts/validate-production-gpu.ps1,script-exec,185
scripts/final-deployment-checklist.ps1,verify-integration.ps1,script-exec,194
scripts/final-deployment-checklist.ps1,scripts/test-gpu-sidecars.ps1,script-exec,220
scripts/final-deployment-checklist.ps1,scripts/validate-production-gpu.ps1,script-exec,221
scripts/final-deployment-checklist.ps1,scripts/manage-gpu-sidecars.ps1,script-exec,222
scripts/final-deployment-checklist.ps1,scripts/gpu-watchdog.ps1,script-exec,223
scripts/fix-and-start.ps1,scripts/fixed-verification.ps1,script-exec,74
scripts/generate-weekly-report.ps1,scripts/generate-weekly-report.ps1,script-exec,2
scripts/gpu-automated-monitoring.ps1,`$scriptDir\gpu-workflow-orchestrator.ps1,script-exec,53
scripts/gpu-automated-monitoring.ps1,`$scriptDir\gpu-workflow-orchestrator.ps1,script-exec,66
scripts/gpu-automated-monitoring.ps1,`$scriptDir\gpu-workflow-orchestrator.ps1,script-exec,79
scripts/gpu-automated-monitoring.ps1,`$scriptDir\gpu-workflow-orchestrator.ps1,script-exec,92
scripts/gpu-automated-monitoring.ps1,scripts/import-dashboard.ps1,script-exec,404
scripts/gpu-automation-quickstart.ps1,scripts/gpu-integration-automation.ps1,script-exec,23
scripts/gpu-automation-quickstart.ps1,scripts/gpu-workflow-orchestrator.ps1,script-exec,32
scripts/gpu-automation-quickstart.ps1,scripts/gpu-workflow-orchestrator.ps1,script-exec,36
scripts/gpu-automation-quickstart.ps1,scripts/gpu-workflow-orchestrator.ps1,script-exec,40
scripts/gpu-automation-quickstart.ps1,scripts/gpu-integration-automation.ps1,script-exec,53
scripts/gpu-automation-quickstart.ps1,scripts/gpu-integration-automation.ps1,script-exec,57
scripts/gpu-automation-quickstart.ps1,scripts/gpu-automated-monitoring.ps1,script-exec,61
scripts/gpu-automation-quickstart.ps1,scripts/gpu-integration-automation.ps1,script-exec,65
scripts/gpu-automation-quickstart.ps1,scripts/gpu-integration-automation.ps1,script-exec,69
scripts/gpu-automation-quickstart.ps1,scripts/gpu-integration-automation.ps1,script-exec,73
scripts/gpu-integration-automation.ps1,scripts/enhanced-monitoring-with-gpu.ps1,script-exec,359
scripts/gpu-integration-automation.ps1,scripts/import-dashboard.ps1,script-exec,452
scripts/health-check-observability-corrected.ps1,scripts/health-check-observability-corrected.ps1,script-exec,2
scripts/health-check-observability-fixed.ps1,scripts/health-check-observability-fixed.ps1,script-exec,2
scripts/health-check-observability.ps1,scripts/health-check-observability.ps1,script-exec,2
scripts/import-dashboard.ps1,scripts/setup-signoz-authentication.ps1,script-exec,114
scripts/import-hurst-drift-alert.ps1,scripts/canary-pattern-drills.ps1,script-exec,218
scripts/import-hurst-drift-alert.ps1,scripts/verify-hurst-drift-alert.ps1,script-exec,219
scripts/import-signoz-dashboard.ps1,scripts/visualize-ecrr-trends.ps1,script-exec,19
scripts/import-signoz-dashboards.ps1,scripts/import-signoz-dashboards.ps1,script-exec,2
scripts/import-windows-canary-alert.ps1,scripts/generate-windows-canary.ps1,script-exec,101
scripts/import-windows-canary-alert.ps1,scripts/generate-windows-canary.ps1,script-exec,121
scripts/import-windows-canary-alert.ps1,scripts/verify-windows-canary-alert.ps1,script-exec,163
scripts/install-ollama-manual.ps1,scripts\install-ollama-manual.ps1,script-exec,54
scripts/install-ollama-winget.ps1,scripts\install-ollama-manual.ps1,script-exec,14
scripts/install-ollama-winget.ps1,scripts\install-ollama-manual.ps1,script-exec,26
scripts/integrate-boot-health.ps1,scripts/boot-health-check.ps1,script-exec,129
scripts/integrate-latency-testing.ps1,scripts/integrate-latency-testing.ps1,script-exec,346
scripts/integrate-latency-testing.ps1,scripts/integrate-latency-testing.ps1,script-exec,347
scripts/integrate-latency-testing.ps1,scripts/integrate-latency-testing.ps1,script-exec,348
scripts/integrate-latency-testing.ps1,scripts/integrate-latency-testing.ps1,script-exec,349
scripts/integrate-latency-testing.ps1,scripts/integrate-latency-testing.ps1,script-exec,350
scripts/integrated-ssot-scaling.ps1,scripts/predictive-ssot-automation.ps1,script-exec,21
scripts/integrated-ssot-scaling.ps1,scripts/ssot-load-balancing.ps1,script-exec,28
scripts/integrated-ssot-scaling.ps1,scripts/ssot-auto-scaling.ps1,script-exec,35
scripts/integrated-ssot-scaling.ps1,scripts/intelligent-ssot-alerting.ps1,script-exec,42
scripts/integration-test-enterprise-views.ps1,scripts\integration-test-enterprise-views.ps1,script-exec,11
scripts/integration-test-enterprise-views.ps1,scripts\cursor-startup-signoz-enterprise-views.ps1,script-exec,45
scripts/integration-test-enterprise-views.ps1,scripts\verify-enterprise-views.ps1,script-exec,52
scripts/integration-test-enterprise-views.ps1,scripts\cursor-startup-signoz-enterprise-views.ps1,script-exec,59
scripts/integration-test-enterprise-views.ps1,scripts\verify-enterprise-views.ps1,script-exec,66
scripts/integration-test-enterprise-views.ps1,scripts\quick-monitor.ps1,script-exec,85
scripts/iona-trace-canary.ps1,scripts/iona-trace-canary.ps1,script-exec,6
scripts/manage-daily-pattern-drills-enhanced.ps1,scripts/canary-pattern-drills.ps1,script-exec,60
scripts/manage-daily-pattern-drills-enhanced.ps1,scripts/canary-pattern-drills.ps1,script-exec,64
scripts/manage-daily-pattern-drills-enhanced.ps1,scripts/enhanced-statistical-validation.ps1,script-exec,67
scripts/manage-daily-pattern-drills-enhanced.ps1,scripts/enhanced-statistical-validation.ps1,script-exec,71
scripts/manage-daily-pattern-drills.ps1,scripts\canary-pattern-drills.ps1,script-exec,48
scripts/manage-latency-baselines.ps1,scripts/extract-latency-measurements.ps1,script-exec,95
scripts/manual-dashboard-import.ps1,scripts/verify-dashboard-import.ps1,script-exec,280
scripts/memx/hardware-report.ps1,scripts/memx/hardware-report.ps1,script-exec,17
scripts/memx/run-hardware-audit.ps1,scripts/memx/hardware-report.ps1,script-exec,16
scripts/memx/schedule-hardware-audit.ps1,`$PSScriptRoot\run-hardware-audit.ps1,script-exec,15
scripts/monitor-fractal-drift.ps1,scripts/canary-pattern-drills.ps1,script-exec,50
scripts/monitor-fractal-drift.ps1,scripts/verify-hurst-drift-alert.ps1,script-exec,51
scripts/monitor-queue-steward-automation.ps1,scripts/verify-queue-steward-task.ps1,script-exec,58
scripts/monitor-sleek.ps1,scripts/monitor-sleek.ps1,script-exec,3
scripts/nightly-tetragrammaton-ci.ps1,scripts/tetragrammaton-benchmark-automation.ps1,script-exec,98
scripts/nightly-tetragrammaton-ci.ps1,scripts/tetragrammaton-benchmark-automation.ps1,script-exec,108
scripts/nightly-tetragrammaton-ci.ps1,scripts/tetragrammaton-benchmark-automation.ps1,script-exec,138
scripts/nightly-tetragrammaton-ci.ps1,scripts/tetragrammaton-quadrant-matrix.ps1,script-exec,169
scripts/nightly-tetragrammaton-ci.ps1,scripts/nightly-dashboard-export.ps1,script-exec,201
scripts/nightly-tetragrammaton-ci.ps1,scripts/tetragrammaton-benchmark-automation.ps1,script-exec,400
scripts/optimize-end-to-end-pipeline.ps1,scripts/optimize-end-to-end-pipeline.ps1,script-exec,3
scripts/optimize-end-to-end-pipeline.ps1,scripts/monitor-analytics-ingestion.ps1,script-exec,392
scripts/preflight.ps1,scripts\preflight.ps1,script-exec,33
scripts/preflight.ps1,scripts\verify-pipeline.ps1,script-exec,172
scripts/preflight.ps1,scripts\verify-and-flip.ps1,script-exec,173
scripts/process-ecrr-and-boss.ps1,scripts/process-all-ecrr-reports.ps1,script-exec,19
scripts/process-ecrr-and-boss.ps1,scripts/process-all-boss-reports.ps1,script-exec,22
scripts/process-ecrr-and-boss.ps1,scripts/memx/run-hardware-audit.ps1,script-exec,28
scripts/production-monitoring.ps1,scripts/validate-production-gpu.ps1,script-exec,33
scripts/prune-evidence.ps1,scripts\prune-evidence.ps1,script-exec,19
scripts/prune-evidence.ps1,scripts\prune-evidence.ps1,script-exec,22
scripts/publish-e2-results.ps1,scripts/import-dashboard.ps1,script-exec,179
scripts/publish-ecrr-dashboard.ps1,scripts/visualize-ecrr-trends.ps1,script-exec,287
scripts/publish-ecrr-dashboard.ps1,scripts/publish-ecrr-dashboard.ps1,script-exec,290
scripts/quick-monitor.ps1,scripts\monitor-optimized-pipeline.ps1,script-exec,175
scripts/robust-production-monitor.ps1,scripts/notify-alert.ps1,script-exec,74
scripts/robust-production-monitor.ps1,scripts/notify-alert.ps1,script-exec,85
scripts/robust-production-monitor.ps1,scripts/notify-alert.ps1,script-exec,109
scripts/robust-production-monitor.ps1,scripts/notify-alert.ps1,script-exec,129
scripts/run-latency-test-example.ps1,scripts/check-latency-readiness.ps1,script-exec,41
scripts/run-latency-test-example.ps1,scripts/run-otel-doe-enhanced.ps1,script-exec,106
scripts/run-latency-test-example.ps1,scripts/extract-latency-measurements.ps1,script-exec,130
scripts/run-latency-test-example.ps1,scripts/monitor-latency-regressions.ps1,script-exec,145
scripts/run-latency-test-example.ps1,scripts/run-otel-doe-enhanced.ps1,script-exec,200
scripts/run-latency-test-example.ps1,scripts/run-otel-doe-enhanced.ps1,script-exec,203
scripts/run-latency-test-example.ps1,scripts/monitor-latency-regressions.ps1,script-exec,206
scripts/run-latency-test-example.ps1,scripts/manage-latency-baselines.ps1,script-exec,209
scripts/run-otel-doe-enhanced.ps1,scripts/generate-synthetic-load.ps1,script-exec,64
scripts/run-otel-doe-enhanced.ps1,scripts/check-latency-readiness.ps1,script-exec,101
scripts/run-otel-doe-enhanced.ps1,scripts/extract-latency-measurements.ps1,script-exec,291
scripts/run-otel-doe.ps1,scripts/generate-synthetic-load.ps1,script-exec,45
scripts/scale-ssot-automation.ps1,scripts/enhanced-ssot-health.ps1,script-exec,436
scripts/scale-ssot-automation.ps1,scripts/advanced-ssot-automation.ps1,script-exec,437
scripts/schedule-canary-ecrr.ps1,scripts/schedule-canary-ecrr.ps1,script-exec,5
scripts/schedule-cleanup-artifacts.ps1,scripts/schedule-cleanup-artifacts.ps1,script-exec,26
scripts/schedule-cleanup-artifacts.ps1,scripts/schedule-cleanup-artifacts.ps1,script-exec,29
scripts/schedule-ecrr-orchestrator.ps1,scripts/ecrr-process-and-publish.ps1,script-exec,58
scripts/send-otlp-log.ps1,scripts/send-otlp-log.ps1,script-exec,5
scripts/set-gate-status.ps1,scripts\verify-pipeline.ps1,script-exec,41
scripts/setup-bedrock-prerequisites.ps1,scripts\test-bedrock-connection.ps1,script-exec,177
scripts/setup-bedrock-prerequisites.ps1,scripts\setup-bedrock-prerequisites.ps1,script-exec,183
scripts/setup-complete-authentication.ps1,scripts/setup-complete-authentication.ps1,script-exec,228
scripts/setup-complete-authentication.ps1,scripts/test-signoz-auth.ps1,script-exec,231
scripts/setup-complete-authentication.ps1,scripts/test-webhook.ps1,script-exec,234
scripts/setup-complete-pipeline.ps1,scripts/setup-signoz-authentication.ps1,script-exec,87
scripts/setup-complete-pipeline.ps1,scripts/import-dashboard.ps1,script-exec,113
scripts/setup-complete-pipeline.ps1,scripts/setup-webhooks.ps1,script-exec,139
scripts/setup-complete-pipeline.ps1,scripts/test-e2e-pipeline.ps1,script-exec,165
scripts/setup-complete-pipeline.ps1,scripts/setup-signoz-authentication.ps1,script-exec,255
scripts/setup-complete-pipeline.ps1,scripts/import-dashboard.ps1,script-exec,258
scripts/setup-complete-pipeline.ps1,scripts/setup-webhooks.ps1,script-exec,261
scripts/setup-complete-pipeline.ps1,scripts/test-e2e-pipeline.ps1,script-exec,264
scripts/setup-compliance-scheduler.ps1,scripts/setup-compliance-scheduler.ps1,script-exec,288
scripts/setup-daily-pattern-drills.ps1,scripts\manage-daily-pattern-drills.ps1,script-exec,191
scripts/setup-daily-pattern-drills.ps1,scripts\manage-daily-pattern-drills.ps1,script-exec,192
scripts/setup-daily-pattern-drills.ps1,scripts\manage-daily-pattern-drills.ps1,script-exec,193
scripts/setup-daily-pattern-drills.ps1,scripts\verify-daily-pattern-drills.ps1,script-exec,194
scripts/setup-ecrr-alerts.ps1,scripts/monitor-ecrr-alerts.ps1,script-exec,144
scripts/setup-ecrr-alerts.ps1,scripts/monitor-ecrr-alerts.ps1,script-exec,150
scripts/setup-ecrr-alerts.ps1,scripts/monitor-ecrr-alerts.ps1,script-exec,153
scripts/setup-ecrr-automated-monitoring.ps1,scripts/ecrr-ci-integration.ps1,script-exec,154
scripts/setup-ecrr-automated-monitoring.ps1,scripts/ecrr-compliance-monitor.ps1,script-exec,294
scripts/setup-ecrr-automated-monitoring.ps1,scripts/ecrr-ci-integration.ps1,script-exec,295
scripts/setup-ecrr-automated-monitoring.ps1,scripts/ecrr-pre-commit-hook.ps1,script-exec,296
scripts/setup-ecrr-cicd-integration.ps1,scripts/lint-ecrr-compliance.ps1,script-exec,64
scripts/setup-ecrr-cicd-integration.ps1,scripts/monitor-ecrr-compliance-trends.ps1,script-exec,69
scripts/setup-ecrr-cicd-integration.ps1,scripts/generate-compliance-dashboard.ps1,script-exec,74
scripts/setup-ecrr-cicd-integration.ps1,scripts/monitor-ecrr-compliance-trends.ps1,script-exec,166
scripts/setup-ecrr-cicd-integration.ps1,scripts/generate-compliance-dashboard.ps1,script-exec,170
scripts/setup-ecrr-cicd-integration.ps1,scripts/post-workshop-validation.ps1,script-exec,302
scripts/setup-ecrr-cicd-integration.ps1,scripts/validate-ecrr-compliance.ps1,script-exec,348
scripts/setup-ecrr-cicd-integration.ps1,scripts/monitor-ecrr-compliance-trends.ps1,script-exec,351
scripts/setup-ecrr-cicd-integration.ps1,scripts/generate-compliance-dashboard.ps1,script-exec,354
scripts/setup-ecrr-scheduled-monitoring.ps1,`$scriptDir\continuous-ecrr-compliance-monitor.ps1,script-exec,50
scripts/setup-ecrr-scheduled-monitoring.ps1,`$scriptDir\ecrr-ci-integration.ps1,script-exec,63
scripts/setup-ecrr-scheduled-monitoring.ps1,`$scriptDir\ecrr-archive-manager.ps1,script-exec,76
scripts/setup-ecrr-scheduled-monitoring.ps1,scripts\setup-ecrr-scheduled-monitoring.ps1,script-exec,95
scripts/setup-forensic-verification.ps1,scripts\setup-forensic-verification.ps1,script-exec,20
scripts/setup-forensic-verification.ps1,scripts\setup-forensic-verification.ps1,script-exec,23
scripts/setup-forensic-verification.ps1,scripts\verify-pipeline.ps1,script-exec,141
scripts/setup-forensic-verification.ps1,scripts\verify-and-flip.ps1,script-exec,142
scripts/setup-forensic-verification.ps1,scripts\setup-forensic-verification.ps1,script-exec,157
scripts/setup-gpu-monitoring.ps1,scripts/validate-production-gpu.ps1,script-exec,422
scripts/setup-gpu-monitoring.ps1,scripts/gpu-watchdog.ps1,script-exec,423
scripts/setup-notification-webhook.ps1,scripts/setup-notification-webhook.ps1,script-exec,261
scripts/setup-notification-webhook.ps1,scripts/setup-notification-webhook.ps1,script-exec,262
scripts/setup-notification-webhook.ps1,scripts/setup-notification-webhook.ps1,script-exec,263
scripts/setup-notification-webhook.ps1,scripts/setup-notification-webhook.ps1,script-exec,264
scripts/setup-ollama-models.ps1,scripts\install-ollama-winget.ps1,script-exec,12
scripts/setup-opsgenie-webhook.ps1,scripts/setup-opsgenie-webhook.ps1,script-exec,101
scripts/setup-parallel-agent-automation.ps1,scripts/setup-parallel-agent-automation.ps1,script-exec,24
scripts/setup-parallel-agent-automation.ps1,scripts/setup-parallel-agent-automation.ps1,script-exec,27
scripts/setup-scheduled-monitoring-admin.ps1,scripts\setup-scheduled-monitoring.ps1,script-exec,22
scripts/setup-scheduled-monitoring-admin.ps1,`$scriptDir\quick-monitor.ps1,script-exec,72
scripts/setup-scheduled-monitoring-admin.ps1,`$scriptDir\canary-ecrr.ps1,script-exec,85
scripts/setup-scheduled-monitoring-admin.ps1,`$scriptDir\monitor-optimized-pipeline.ps1,script-exec,98
scripts/setup-scheduled-monitoring-admin.ps1,`$scriptDir\generate-weekly-report.ps1,script-exec,111
scripts/setup-scheduled-monitoring-admin.ps1,scripts\setup-scheduled-monitoring-admin.ps1,script-exec,132
scripts/setup-signoz-alerts.ps1,scripts/setup-signoz-alerts.ps1,script-exec,181
scripts/setup-signoz-api-key.ps1,scripts\integration-test-enterprise-views.ps1,script-exec,60
scripts/setup-signoz-api-key.ps1,scripts\cursor-startup-signoz-enterprise-views.ps1,script-exec,63
scripts/setup-signoz-authentication.ps1,scripts/import-dashboard.ps1,script-exec,171
scripts/setup-signoz-authentication.ps1,scripts/setup-webhooks.ps1,script-exec,173
scripts/setup-signoz-authentication.ps1,scripts/test-e2e-pipeline.ps1,script-exec,175
scripts/setup-signoz-integration.ps1,scripts/export-ecrr-metrics-to-signoz.ps1,script-exec,192
scripts/setup-signoz-integration.ps1,scripts/export-ecrr-metrics-to-signoz.ps1,script-exec,198
scripts/setup-signoz-integration.ps1,scripts/export-ecrr-metrics-to-signoz.ps1,script-exec,201
scripts/setup-slack-webhook.ps1,scripts/setup-slack-webhook.ps1,script-exec,100
scripts/setup-ssot-monitoring.ps1,scripts/monitor-ssot-health.ps1,script-exec,26
scripts/setup-ssot-monitoring.ps1,scripts/monitor-ssot-health.ps1,script-exec,77
scripts/setup-ssot-monitoring.ps1,.artifacts/ssot-monitoring-loop.ps1,script-exec,97
scripts/setup-ssot-monitoring.ps1,scripts/automate-ssot-updates.ps1,script-exec,104
scripts/setup-ssot-monitoring.ps1,.artifacts/ssot-monitoring-loop.ps1,script-exec,251
scripts/setup-teams-webhook.ps1,scripts/setup-teams-webhook.ps1,script-exec,97
scripts/setup-webhook-notifications.ps1,scripts/test-webhook.ps1,script-exec,504
scripts/setup-webhook-notifications.ps1,scripts/integrate-webhook-alerts.ps1,script-exec,505
scripts/setup-webhook-notifications.ps1,scripts/send-alert-notification.ps1,script-exec,506
scripts/setup-webhooks.ps1,scripts/setup-signoz-authentication.ps1,script-exec,125
scripts/setup-webhooks.ps1,scripts/test-webhook.ps1,script-exec,164
scripts/simple-production-monitor.ps1,scripts/monitor-ssot-health.ps1,script-exec,29
scripts/t1-nightly-integration.ps1,scripts/t1-nightly-integration.ps1,script-exec,54
scripts/test-e2e-pipeline.ps1,scripts/setup-signoz-authentication.ps1,script-exec,232
scripts/test-e2e-pipeline.ps1,scripts/import-dashboard.ps1,script-exec,233
scripts/test-e2e-pipeline.ps1,scripts/setup-webhooks.ps1,script-exec,234
scripts/test-github-token.ps1,scripts/create-gpu-epic-issues.ps1,script-exec,204
scripts/test-queue-integration.ps1,scripts\observability\emit-queue-telemetry.ps1,script-exec,30
scripts/test-signoz-integration.ps1,scripts/monitor-ecrr-compliance-trends.ps1,script-exec,223
scripts/update-daily-automation-enhanced.ps1,`scripts\canary-pattern-drills.ps1,script-exec,40
scripts/update-daily-automation-enhanced.ps1,scripts/canary-pattern-drills.ps1,script-exec,128
scripts/update-daily-automation-enhanced.ps1,scripts/canary-pattern-drills.ps1,script-exec,132
scripts/update-daily-automation-enhanced.ps1,scripts/enhanced-statistical-validation.ps1,script-exec,134
scripts/update-daily-automation-enhanced.ps1,scripts/enhanced-statistical-validation.ps1,script-exec,138
scripts/update-daily-automation-enhanced.ps1,scripts\manage-daily-pattern-drills-enhanced.ps1,script-exec,236
scripts/update-daily-automation-enhanced.ps1,scripts\manage-daily-pattern-drills-enhanced.ps1,script-exec,237
scripts/update-daily-automation-enhanced.ps1,scripts\manage-daily-pattern-drills-enhanced.ps1,script-exec,238
scripts/update-daily-automation-enhanced.ps1,scripts\verify-daily-pattern-drills-enhanced.ps1,script-exec,239
scripts/update-docs-index.ps1,scripts/nights/dashboard-export.ps1,script-exec,270
scripts/update-docs-index.ps1,scripts/update-docs-index.ps1,script-exec,276
scripts/update-docs-index.ps1,scripts/update-docs-index.ps1,script-exec,323
scripts/update-production-alerts.ps1,scripts/configure-ecrr-alerts.ps1,script-exec,19
scripts/update-production-alerts.ps1,scripts/monitor-ecrr-alerts.ps1,script-exec,55
scripts/verify-all-components.ps1,scripts/end-to-end-test.ps1,script-exec,257
scripts/verify-and-flip.ps1,scripts\verify-and-flip.ps1,script-exec,20
scripts/verify-and-flip.ps1,scripts\verify-and-flip.ps1,script-exec,24
scripts/verify-automation.ps1,scripts/validate-all.ps1,script-exec,180
scripts/verify-canary-monitoring-fix.ps1,scripts/adaptive-canary-monitor-enhanced.ps1,script-exec,143
scripts/verify-comfort-cat-setup.ps1,scripts\verify-comfort-cat-setup.ps1,script-exec,13
scripts/verify-e2-dashboard.ps1,scripts/publish-e2-results.ps1,script-exec,96
scripts/verify-e2-dashboard.ps1,scripts/import-dashboard.ps1,script-exec,97
scripts/verify-enterprise-views.ps1,scripts\verify-enterprise-views.ps1,script-exec,20
scripts/verify-gpu-codex.ps1,scripts\install-ollama-gpu.ps1,script-exec,150
scripts/verify-gpu-codex.ps1,scripts\install-ollama-gpu.ps1,script-exec,321
scripts/verify-pipeline.ps1,$PSScriptRoot\quick-monitor.ps1,script-exec,164
scripts/verify-pipeline.ps1,scripts\set-gate-status.ps1,script-exec,403
scripts/verify-pipeline.ps1,$PSScriptRoot\prune-evidence.ps1,script-exec,421
scripts/verify-queue-steward-task.ps1,scripts/setup-queue-steward-scheduled-task.ps1,script-exec,51
scripts/verify-scheduled-tasks.ps1,scripts\setup-scheduled-monitoring-admin.ps1,script-exec,32
scripts/verify-scheduled-tasks.ps1,scripts\setup-scheduled-monitoring-admin.ps1,script-exec,91
scripts/verify-signoz-completion.ps1,.\canary-test.ps1,script-exec,70
scripts/verify-windows-canary-alert.ps1,scripts/generate-windows-canary.ps1,script-exec,7
setup_cursor_implementer.ps1,scripts\quick-monitor.ps1,script-exec,456
scripts/ecrr-compliance-monitoring.ps1,$PSScriptRoot/validate-ecrr-compliance.ps1,dot-source,52
scripts/ps/error-capture.ps1,scripts/ps/error-capture.ps1,import-module,168
