"Old","New","Title"
".cursor-prompt.md","docs/notes/misc/.cursor-prompt.md","docs/notes/misc/.cursor-prompt.md"
"ADOT_PR_READY_20251015.md","docs/notes/misc/ADOT_PR_READY_20251015.md","docs/notes/misc/ADOT_PR_READY_20251015.md"
"AGENTS.md","docs/bosscat/misc/AGENTS.md","docs/bosscat/misc/AGENTS.md"
"ARCHIVE_CLEANUP_COMPLETE.md","docs/notes/misc/ARCHIVE_CLEANUP_COMPLETE.md","docs/notes/misc/ARCHIVE_CLEANUP_COMPLETE.md"
"ART_OF_ECRR.md","docs/bosscat/misc/ART_OF_ECRR.md","docs/bosscat/misc/ART_OF_ECRR.md"
"BACKFILL_EXECUTION_GUIDE_20251013.md","docs/notes/misc/BACKFILL_EXECUTION_GUIDE_20251013.md","docs/notes/misc/BACKFILL_EXECUTION_GUIDE_20251013.md"
"BACKFILL_STATUS_REPORT_20251013.md","docs/notes/misc/BACKFILL_STATUS_REPORT_20251013.md","docs/notes/misc/BACKFILL_STATUS_REPORT_20251013.md"
"BEDROCK_COPY_PASTE_KIT.md","docs/notes/misc/BEDROCK_COPY_PASTE_KIT.md","docs/notes/misc/BEDROCK_COPY_PASTE_KIT.md"
"BEDROCK_GATE_CHECKLIST.md","docs/notes/misc/BEDROCK_GATE_CHECKLIST.md","docs/notes/misc/BEDROCK_GATE_CHECKLIST.md"
"BEDROCK_INTEGRATION_STATUS.md","docs/notes/misc/BEDROCK_INTEGRATION_STATUS.md","docs/notes/misc/BEDROCK_INTEGRATION_STATUS.md"
"BEDROCK_QUICK_COMMANDS.md","docs/notes/misc/BEDROCK_QUICK_COMMANDS.md","docs/notes/misc/BEDROCK_QUICK_COMMANDS.md"
"BEDROCK_RESUME_WHEN_READY.md","docs/notes/misc/BEDROCK_RESUME_WHEN_READY.md","docs/notes/misc/BEDROCK_RESUME_WHEN_READY.md"
"BEDROCK_SESSION_SUMMARY.md","docs/notes/misc/BEDROCK_SESSION_SUMMARY.md","docs/notes/misc/BEDROCK_SESSION_SUMMARY.md"
"BEDROCK_SETUP_QUICKSTART.md","docs/notes/misc/BEDROCK_SETUP_QUICKSTART.md","docs/notes/misc/BEDROCK_SETUP_QUICKSTART.md"
"BLUESKY_CLI_SUMMARY.md","docs/socm/misc/BLUESKY_CLI_SUMMARY.md","docs/socm/misc/BLUESKY_CLI_SUMMARY.md"
"BLUESKY_COMPLETE_SESSION_20251018.md","docs/socm/2025-10/BLUESKY_COMPLETE_SESSION_20251018.md","docs/socm/2025-10/BLUESKY_COMPLETE_SESSION_20251018.md"
"BLUESKY_FIRST_POST_TEMPLATE.md","docs/socm/misc/BLUESKY_FIRST_POST_TEMPLATE.md","docs/socm/misc/BLUESKY_FIRST_POST_TEMPLATE.md"
"BLUESKY_INTEGRATION.md","docs/socm/misc/BLUESKY_INTEGRATION.md","docs/socm/misc/BLUESKY_INTEGRATION.md"
"BLUESKY_PLATFORM_GUIDE.md","docs/socm/misc/BLUESKY_PLATFORM_GUIDE.md","docs/socm/misc/BLUESKY_PLATFORM_GUIDE.md"
"BLUESKY_PROFILE_UPDATE_SUCCESS.md","docs/socm/misc/BLUESKY_PROFILE_UPDATE_SUCCESS.md","docs/socm/misc/BLUESKY_PROFILE_UPDATE_SUCCESS.md"
"BLUESKY_SESSION_FINAL_STATUS.md","docs/socm/misc/BLUESKY_SESSION_FINAL_STATUS.md","docs/socm/misc/BLUESKY_SESSION_FINAL_STATUS.md"
"BLUESKY_SOCM_SESSION_COMPLETE.md","docs/socm/misc/BLUESKY_SOCM_SESSION_COMPLETE.md","docs/socm/misc/BLUESKY_SOCM_SESSION_COMPLETE.md"
"BOSSCAT_ANTICLICKBAIT_DECISION_REQUIRED.md","docs/bosscat/misc/BOSSCAT_ANTICLICKBAIT_DECISION_REQUIRED.md","docs/bosscat/misc/BOSSCAT_ANTICLICKBAIT_DECISION_REQUIRED.md"
"BOSSCAT_GATE_DECISION_20251010.md","docs/bosscat/2025-10/BOSSCAT_GATE_DECISION_20251010.md","docs/bosscat/2025-10/BOSSCAT_GATE_DECISION_20251010.md"
"BOSSCAT_GATE_FINAL_DECISION_v1.2.md","docs/bosscat/misc/BOSSCAT_GATE_FINAL_DECISION_v1.2.md","docs/bosscat/misc/BOSSCAT_GATE_FINAL_DECISION_v1.2.md"
"BOSSCAT_GATE_FINAL_DECISION.md","docs/bosscat/misc/BOSSCAT_GATE_FINAL_DECISION.md","docs/bosscat/misc/BOSSCAT_GATE_FINAL_DECISION.md"
"BOSSCAT_HYGIENE_COMPLETION_20251010.md","docs/bosscat/2025-10/BOSSCAT_HYGIENE_COMPLETION_20251010.md","docs/bosscat/2025-10/BOSSCAT_HYGIENE_COMPLETION_20251010.md"
"BOSSCAT_LOG.md","docs/bosscat/misc/BOSSCAT_LOG.md","docs/bosscat/misc/BOSSCAT_LOG.md"
"BOSSCAT_PROD_APPROVAL_IONA_20251013.md","docs/bosscat/2025-10/BOSSCAT_PROD_APPROVAL_IONA_20251013.md","docs/bosscat/2025-10/BOSSCAT_PROD_APPROVAL_IONA_20251013.md"
"BOSSCAT_SECURITY_ARCHIVER_FINAL_STATUS.md","docs/bosscat/misc/BOSSCAT_SECURITY_ARCHIVER_FINAL_STATUS.md","docs/bosscat/misc/BOSSCAT_SECURITY_ARCHIVER_FINAL_STATUS.md"
"BOSSCAT_SESSION_FINAL_REPORT_20251013.md","docs/bosscat/2025-10/BOSSCAT_SESSION_FINAL_REPORT_20251013.md","docs/bosscat/2025-10/BOSSCAT_SESSION_FINAL_REPORT_20251013.md"
"BOSSCAT_SESSION_REPORT_20251013.md","docs/bosscat/2025-10/BOSSCAT_SESSION_REPORT_20251013.md","docs/bosscat/2025-10/BOSSCAT_SESSION_REPORT_20251013.md"
"BOSSCAT_TETRAGRAM_KIT_INSTALLED.md","docs/bosscat/misc/BOSSCAT_TETRAGRAM_KIT_INSTALLED.md","docs/bosscat/misc/BOSSCAT_TETRAGRAM_KIT_INSTALLED.md"
"BOSSCAT_WEEK1_IMPLEMENTATION_COMPLETE.md","docs/bosscat/misc/BOSSCAT_WEEK1_IMPLEMENTATION_COMPLETE.md","docs/bosscat/misc/BOSSCAT_WEEK1_IMPLEMENTATION_COMPLETE.md"
"BUYMEACOFFEE_COMPLETE.md","docs/socm/misc/BUYMEACOFFEE_COMPLETE.md","docs/socm/misc/BUYMEACOFFEE_COMPLETE.md"
"CLEANUP_COMPLETE.md","docs/notes/misc/CLEANUP_COMPLETE.md","docs/notes/misc/CLEANUP_COMPLETE.md"
"COMMIT_EVIDENCE_20251013_bb2c7773.md","docs/evidence/2025-10/COMMIT_EVIDENCE_20251013_bb2c7773.md","docs/evidence/2025-10/COMMIT_EVIDENCE_20251013_bb2c7773.md"
"CONVEYOR_SYSTEM_FINAL_20251013.md","docs/evidence/2025-10/CONVEYOR_SYSTEM_FINAL_20251013.md","docs/evidence/2025-10/CONVEYOR_SYSTEM_FINAL_20251013.md"
"CONVEYOR_SYSTEM_STATUS_20251014.md","docs/evidence/2025-10/CONVEYOR_SYSTEM_STATUS_20251014.md","docs/evidence/2025-10/CONVEYOR_SYSTEM_STATUS_20251014.md"
"CURSOR_IMPLEMENTER_FINAL_SESSION_20251013.md","docs/status/2025-10/CURSOR_IMPLEMENTER_FINAL_SESSION_20251013.md","docs/status/2025-10/CURSOR_IMPLEMENTER_FINAL_SESSION_20251013.md"
"CURSOR_IMPLEMENTER_FINAL_SESSION_CLOSEOUT_20251013.md","docs/status/2025-10/CURSOR_IMPLEMENTER_FINAL_SESSION_CLOSEOUT_20251013.md","docs/status/2025-10/CURSOR_IMPLEMENTER_FINAL_SESSION_CLOSEOUT_20251013.md"
"CURSOR_IMPLEMENTER_GATE_GREEN_SESSION_20251013.md","docs/status/2025-10/CURSOR_IMPLEMENTER_GATE_GREEN_SESSION_20251013.md","docs/status/2025-10/CURSOR_IMPLEMENTER_GATE_GREEN_SESSION_20251013.md"
"CURSOR_IMPLEMENTER_GATE_SITE_SESSION_20251013.md","docs/status/2025-10/CURSOR_IMPLEMENTER_GATE_SITE_SESSION_20251013.md","docs/status/2025-10/CURSOR_IMPLEMENTER_GATE_SITE_SESSION_20251013.md"
"CURSOR_IMPLEMENTER_READY_FOR_GATE_FINAL_20251013.md","docs/status/2025-10/CURSOR_IMPLEMENTER_READY_FOR_GATE_FINAL_20251013.md","docs/status/2025-10/CURSOR_IMPLEMENTER_READY_FOR_GATE_FINAL_20251013.md"
"CURSOR_IMPLEMENTER_READY_FOR_GATE_SESSION_20251013.md","docs/status/2025-10/CURSOR_IMPLEMENTER_READY_FOR_GATE_SESSION_20251013.md","docs/status/2025-10/CURSOR_IMPLEMENTER_READY_FOR_GATE_SESSION_20251013.md"
"CURSOR_IMPLEMENTER_SESSION_FINAL_20251013.md","docs/status/2025-10/CURSOR_IMPLEMENTER_SESSION_FINAL_20251013.md","docs/status/2025-10/CURSOR_IMPLEMENTER_SESSION_FINAL_20251013.md"
"CURSOR_IMPLEMENTER_STATUS_REPORT_20251012.md","docs/status/2025-10/CURSOR_IMPLEMENTER_STATUS_REPORT_20251012.md","docs/status/2025-10/CURSOR_IMPLEMENTER_STATUS_REPORT_20251012.md"
"DAY2_OPERATIONS_GUIDE.md","docs/runbooks/misc/DAY2_OPERATIONS_GUIDE.md","docs/runbooks/misc/DAY2_OPERATIONS_GUIDE.md"
"DECISIONS.md","docs/notes/misc/DECISIONS.md","docs/notes/misc/DECISIONS.md"
"DEPLOYMENT_SUMMARY.md","docs/runbooks/misc/DEPLOYMENT_SUMMARY.md","docs/runbooks/misc/DEPLOYMENT_SUMMARY.md"
"DIRECTIVE_008_009_FINAL_REPORT.md","docs/notes/misc/DIRECTIVE_008_009_FINAL_REPORT.md","docs/notes/misc/DIRECTIVE_008_009_FINAL_REPORT.md"
"EXEC_GATE_READY_FOR_PROGRESSION_20251013.md","docs/gate/2025-10/EXEC_GATE_READY_FOR_PROGRESSION_20251013.md","docs/gate/2025-10/EXEC_GATE_READY_FOR_PROGRESSION_20251013.md"
"EXEC_READY_FOR_GATE_20251013.md","docs/gate/2025-10/EXEC_READY_FOR_GATE_20251013.md","docs/gate/2025-10/EXEC_READY_FOR_GATE_20251013.md"
"EXEC_SUMMARY_GITHUB_COMPLIANCE_20251012.md","docs/gate/2025-10/EXEC_SUMMARY_GITHUB_COMPLIANCE_20251012.md","docs/gate/2025-10/EXEC_SUMMARY_GITHUB_COMPLIANCE_20251012.md"
"FAST_TRACK_PRODUCTION_PLAN.md","docs/notes/misc/FAST_TRACK_PRODUCTION_PLAN.md","docs/notes/misc/FAST_TRACK_PRODUCTION_PLAN.md"
"FINAL_PRODUCTION_STATUS.md","docs/gate/misc/FINAL_PRODUCTION_STATUS.md","docs/gate/misc/FINAL_PRODUCTION_STATUS.md"
"FINALIZATION_COMPLETE.md","docs/notes/misc/FINALIZATION_COMPLETE.md","docs/notes/misc/FINALIZATION_COMPLETE.md"
"FORBIDDEN_ROOTS_ELIMINATED.md","docs/notes/misc/FORBIDDEN_ROOTS_ELIMINATED.md","docs/notes/misc/FORBIDDEN_ROOTS_ELIMINATED.md"
"GATE_006_CLOSEOUT_CERTIFIED.md","docs/gate/misc/GATE_006_CLOSEOUT_CERTIFIED.md","docs/gate/misc/GATE_006_CLOSEOUT_CERTIFIED.md"
"GATE_006_FINAL_STATUS.md","docs/gate/misc/GATE_006_FINAL_STATUS.md","docs/gate/misc/GATE_006_FINAL_STATUS.md"
"GATE_006_MASTER_INDEX.md","docs/gate/misc/GATE_006_MASTER_INDEX.md","docs/gate/misc/GATE_006_MASTER_INDEX.md"
"GATE_007_CLOSEOUT_20251012.md","docs/gate/2025-10/GATE_007_CLOSEOUT_20251012.md","docs/gate/2025-10/GATE_007_CLOSEOUT_20251012.md"
"GATE_007_FINAL_PACKAGE.md","docs/gate/misc/GATE_007_FINAL_PACKAGE.md","docs/gate/misc/GATE_007_FINAL_PACKAGE.md"
"GATE_007_MERGE_COMPLETE_20251012.md","docs/gate/2025-10/GATE_007_MERGE_COMPLETE_20251012.md","docs/gate/2025-10/GATE_007_MERGE_COMPLETE_20251012.md"
"GATE_007_PRODUCTION_STATUS_20251012.md","docs/gate/2025-10/GATE_007_PRODUCTION_STATUS_20251012.md","docs/gate/2025-10/GATE_007_PRODUCTION_STATUS_20251012.md"
"GATE_APPROVED_20251010.md","docs/gate/2025-10/GATE_APPROVED_20251010.md","docs/gate/2025-10/GATE_APPROVED_20251010.md"
"GATE_READY_20251017.md","docs/gate/2025-10/GATE_READY_20251017.md","docs/gate/2025-10/GATE_READY_20251017.md"
"GATE_READY_EXEC_SUMMARY_20251015.md","docs/gate/2025-10/GATE_READY_EXEC_SUMMARY_20251015.md","docs/gate/2025-10/GATE_READY_EXEC_SUMMARY_20251015.md"
"GATE_READY_FINAL_20251015.md","docs/gate/2025-10/GATE_READY_FINAL_20251015.md","docs/gate/2025-10/GATE_READY_FINAL_20251015.md"
"GATE_READY_MILK_LANE_20251016.md","docs/gate/2025-10/GATE_READY_MILK_LANE_20251016.md","docs/gate/2025-10/GATE_READY_MILK_LANE_20251016.md"
"GATE_STATUS_20251010.md","docs/gate/2025-10/GATE_STATUS_20251010.md","docs/gate/2025-10/GATE_STATUS_20251010.md"
"GATE_TRIGGER_TETRAGRAM_1.2.md","docs/gate/misc/GATE_TRIGGER_TETRAGRAM_1.2.md","docs/gate/misc/GATE_TRIGGER_TETRAGRAM_1.2.md"
"GATE_VERIFIED_NEXT_STEPS.md","docs/gate/misc/GATE_VERIFIED_NEXT_STEPS.md","docs/gate/misc/GATE_VERIFIED_NEXT_STEPS.md"
"GITHUB_PR_REVIEWS_20251015.md","docs/pr/2025-10/GITHUB_PR_REVIEWS_20251015.md","docs/pr/2025-10/GITHUB_PR_REVIEWS_20251015.md"
"GOVERNANCE_FRAMEWORK_COMPLETE_20251012.md","docs/notes/misc/GOVERNANCE_FRAMEWORK_COMPLETE_20251012.md","docs/notes/misc/GOVERNANCE_FRAMEWORK_COMPLETE_20251012.md"
"GPU_PIPELINE_VALIDATION_SUCCESS_20251013.md","docs/notes/misc/GPU_PIPELINE_VALIDATION_SUCCESS_20251013.md","docs/notes/misc/GPU_PIPELINE_VALIDATION_SUCCESS_20251013.md"
"GUARDRAILS_CLEAN_BASELINE.md","docs/notes/misc/GUARDRAILS_CLEAN_BASELINE.md","docs/notes/misc/GUARDRAILS_CLEAN_BASELINE.md"
"HARDENING_PLAN_30_60_90.md","docs/notes/misc/HARDENING_PLAN_30_60_90.md","docs/notes/misc/HARDENING_PLAN_30_60_90.md"
"HUB_DEPLOYMENT_STATUS.md","docs/runbooks/misc/HUB_DEPLOYMENT_STATUS.md","docs/runbooks/misc/HUB_DEPLOYMENT_STATUS.md"
"HUB_GO_LIVE_RUNBOOK.md","docs/runbooks/misc/HUB_GO_LIVE_RUNBOOK.md","docs/runbooks/misc/HUB_GO_LIVE_RUNBOOK.md"
"ICF_SMOKE_FIX_20251013.md","docs/notes/misc/ICF_SMOKE_FIX_20251013.md","docs/notes/misc/ICF_SMOKE_FIX_20251013.md"
"IMMEDIATE_ACTION_SUMMARY.md","docs/notes/misc/IMMEDIATE_ACTION_SUMMARY.md","docs/notes/misc/IMMEDIATE_ACTION_SUMMARY.md"
"LINKEDIN_PATREON_ANNOUNCEMENT.md","docs/socm/misc/LINKEDIN_PATREON_ANNOUNCEMENT.md","docs/socm/misc/LINKEDIN_PATREON_ANNOUNCEMENT.md"
"LINKEDIN_POST_SUCCESS.md","docs/socm/misc/LINKEDIN_POST_SUCCESS.md","docs/socm/misc/LINKEDIN_POST_SUCCESS.md"
"MERGE_NOTE_GATE_20251010.md","docs/notes/misc/MERGE_NOTE_GATE_20251010.md","docs/notes/misc/MERGE_NOTE_GATE_20251010.md"
"MILK_COMPLETE_FINAL_REPORT.md","docs/notes/misc/MILK_COMPLETE_FINAL_REPORT.md","docs/notes/misc/MILK_COMPLETE_FINAL_REPORT.md"
"MILK_DEMO_GUIDE.md","docs/notes/misc/MILK_DEMO_GUIDE.md","docs/notes/misc/MILK_DEMO_GUIDE.md"
"MILK_GA_RELEASE_FINAL.md","docs/notes/misc/MILK_GA_RELEASE_FINAL.md","docs/notes/misc/MILK_GA_RELEASE_FINAL.md"
"MILK_LANE_FINAL_SUMMARY.md","docs/notes/misc/MILK_LANE_FINAL_SUMMARY.md","docs/notes/misc/MILK_LANE_FINAL_SUMMARY.md"
"MILK_PHASE2_COMPLETE_REPORT.md","docs/notes/misc/MILK_PHASE2_COMPLETE_REPORT.md","docs/notes/misc/MILK_PHASE2_COMPLETE_REPORT.md"
"MILK_PHASE3A_COMPLETE_REPORT.md","docs/notes/misc/MILK_PHASE3A_COMPLETE_REPORT.md","docs/notes/misc/MILK_PHASE3A_COMPLETE_REPORT.md"
"MILK_PHASE3C_COMPLETE_REPORT.md","docs/notes/misc/MILK_PHASE3C_COMPLETE_REPORT.md","docs/notes/misc/MILK_PHASE3C_COMPLETE_REPORT.md"
"MISSION_COMPLETE_20251015.md","docs/runbooks/2025-10/MISSION_COMPLETE_20251015.md","docs/runbooks/2025-10/MISSION_COMPLETE_20251015.md"
"MONETIZATION_COMPLETE_FINAL.md","docs/notes/misc/MONETIZATION_COMPLETE_FINAL.md","docs/notes/misc/MONETIZATION_COMPLETE_FINAL.md"
"OPERATIONAL_VERIFICATION_STATUS.md","docs/notes/misc/OPERATIONAL_VERIFICATION_STATUS.md","docs/notes/misc/OPERATIONAL_VERIFICATION_STATUS.md"
"P1_TASKS_COMPLETE_20251013.md","docs/notes/misc/P1_TASKS_COMPLETE_20251013.md","docs/notes/misc/P1_TASKS_COMPLETE_20251013.md"
"PATREON_COMPLETE_FINAL.md","docs/socm/misc/PATREON_COMPLETE_FINAL.md","docs/socm/misc/PATREON_COMPLETE_FINAL.md"
"PATREON_LAUNCH_SUCCESS.md","docs/socm/misc/PATREON_LAUNCH_SUCCESS.md","docs/socm/misc/PATREON_LAUNCH_SUCCESS.md"
"PATREON_READY_TO_PUBLISH.md","docs/socm/misc/PATREON_READY_TO_PUBLISH.md","docs/socm/misc/PATREON_READY_TO_PUBLISH.md"
"PHASE_B1_COMPLETE.md","docs/notes/misc/PHASE_B1_COMPLETE.md","docs/notes/misc/PHASE_B1_COMPLETE.md"
"PHASE_C4_COMPLETE.md","docs/notes/misc/PHASE_C4_COMPLETE.md","docs/notes/misc/PHASE_C4_COMPLETE.md"
"PHASE_F_COMPLETE.md","docs/notes/misc/PHASE_F_COMPLETE.md","docs/notes/misc/PHASE_F_COMPLETE.md"
"PHASE1_COMPLETE_PR_BODY.md","docs/notes/misc/PHASE1_COMPLETE_PR_BODY.md","docs/notes/misc/PHASE1_COMPLETE_PR_BODY.md"
"PHASES_B1_B2_COMPLETE.md","docs/notes/misc/PHASES_B1_B2_COMPLETE.md","docs/notes/misc/PHASES_B1_B2_COMPLETE.md"
"POWERSHELL_BACKFILL_COMPLETE_20251013.md","docs/notes/misc/POWERSHELL_BACKFILL_COMPLETE_20251013.md","docs/notes/misc/POWERSHELL_BACKFILL_COMPLETE_20251013.md"
"PR_BODY_feat-gate-fallback-artifacts-queue.md","docs/pr/misc/PR_BODY_feat-gate-fallback-artifacts-queue.md","docs/pr/misc/PR_BODY_feat-gate-fallback-artifacts-queue.md"
"PR_BODY_PRODUCTION_ROLLOUT.md","docs/pr/misc/PR_BODY_PRODUCTION_ROLLOUT.md","docs/pr/misc/PR_BODY_PRODUCTION_ROLLOUT.md"
"PR_BOSSCAT_GATE_COMMENT.md","docs/pr/misc/PR_BOSSCAT_GATE_COMMENT.md","docs/pr/misc/PR_BOSSCAT_GATE_COMMENT.md"
"PR_BOSSCAT_WEEK1_GATE_REVIEW.md","docs/pr/misc/PR_BOSSCAT_WEEK1_GATE_REVIEW.md","docs/pr/misc/PR_BOSSCAT_WEEK1_GATE_REVIEW.md"
"PR_COMMENT_BOSSCAT_PROD_APPROVAL.md","docs/pr/misc/PR_COMMENT_BOSSCAT_PROD_APPROVAL.md","docs/pr/misc/PR_COMMENT_BOSSCAT_PROD_APPROVAL.md"
"PR_COMMENT_GATE_READY_007_IMPLEMENTER.md","docs/pr/misc/PR_COMMENT_GATE_READY_007_IMPLEMENTER.md","docs/pr/misc/PR_COMMENT_GATE_READY_007_IMPLEMENTER.md"
"PR_COMMENT_GATE_READY_007.md","docs/pr/misc/PR_COMMENT_GATE_READY_007.md","docs/pr/misc/PR_COMMENT_GATE_READY_007.md"
"PR_COMMENT_GATE_READY_FINAL.md","docs/pr/misc/PR_COMMENT_GATE_READY_FINAL.md","docs/pr/misc/PR_COMMENT_GATE_READY_FINAL.md"
"PR_COMMENT_IONA_GATE_002_FINAL.md","docs/pr/misc/PR_COMMENT_IONA_GATE_002_FINAL.md","docs/pr/misc/PR_COMMENT_IONA_GATE_002_FINAL.md"
"PR_COMMENT_PR153.md","docs/pr/misc/PR_COMMENT_PR153.md","docs/pr/misc/PR_COMMENT_PR153.md"
"PR_FINAL_SUMMARY_20251015.md","docs/pr/2025-10/PR_FINAL_SUMMARY_20251015.md","docs/pr/2025-10/PR_FINAL_SUMMARY_20251015.md"
"PR_MERGE_COMPLETE_20251015.md","docs/pr/2025-10/PR_MERGE_COMPLETE_20251015.md","docs/pr/2025-10/PR_MERGE_COMPLETE_20251015.md"
"PR_MERGE_REPORT_20251016.md","docs/pr/2025-10/PR_MERGE_REPORT_20251016.md","docs/pr/2025-10/PR_MERGE_REPORT_20251016.md"
"PR_REVIEW_SUMMARY_20251015.md","docs/pr/2025-10/PR_REVIEW_SUMMARY_20251015.md","docs/pr/2025-10/PR_REVIEW_SUMMARY_20251015.md"
"PRODUCTION_GO_DECISION.md","docs/gate/misc/PRODUCTION_GO_DECISION.md","docs/gate/misc/PRODUCTION_GO_DECISION.md"
"PRODUCTION_RELEASE_STATUS.md","docs/notes/misc/PRODUCTION_RELEASE_STATUS.md","docs/notes/misc/PRODUCTION_RELEASE_STATUS.md"
"PUBLIC_ECRR_SUMMARY_GATE_006.md","docs/gate/misc/PUBLIC_ECRR_SUMMARY_GATE_006.md","docs/gate/misc/PUBLIC_ECRR_SUMMARY_GATE_006.md"
"QUICKSTART.md","docs/notes/misc/QUICKSTART.md","docs/notes/misc/QUICKSTART.md"
"READY_FOR_FINAL_GATE.md","docs/gate/misc/READY_FOR_FINAL_GATE.md","docs/gate/misc/READY_FOR_FINAL_GATE.md"
"READY_FOR_GATE_SESSION_COMPLETE_20251013.md","docs/gate/2025-10/READY_FOR_GATE_SESSION_COMPLETE_20251013.md","docs/gate/2025-10/READY_FOR_GATE_SESSION_COMPLETE_20251013.md"
"READY_FOR_GATE.md","docs/gate/misc/READY_FOR_GATE.md","docs/gate/misc/READY_FOR_GATE.md"
"RELEASE_NOTES_GATE_READY_1.0.md","docs/releases/misc/RELEASE_NOTES_GATE_READY_1.0.md","docs/releases/misc/RELEASE_NOTES_GATE_READY_1.0.md"
"RELEASE_NOTES.md","docs/releases/misc/RELEASE_NOTES.md","docs/releases/misc/RELEASE_NOTES.md"
"RESTORE_DEPENDENCIES.md","docs/notes/misc/RESTORE_DEPENDENCIES.md","docs/notes/misc/RESTORE_DEPENDENCIES.md"
"ROADMAP_UPDATE_SUMMARY.md","docs/releases/misc/ROADMAP_UPDATE_SUMMARY.md","docs/releases/misc/ROADMAP_UPDATE_SUMMARY.md"
"rollback_plan.md","docs/runbooks/misc/rollback_plan.md","docs/runbooks/misc/rollback_plan.md"
"RUN_ARCHIVER_DEPLOYMENT_20251013.md","docs/notes/misc/RUN_ARCHIVER_DEPLOYMENT_20251013.md","docs/notes/misc/RUN_ARCHIVER_DEPLOYMENT_20251013.md"
"SECURITY_ARCHIVER_COMPLETE.md","docs/notes/misc/SECURITY_ARCHIVER_COMPLETE.md","docs/notes/misc/SECURITY_ARCHIVER_COMPLETE.md"
"SECURITY_ARCHIVER_PRODUCTION_READY.md","docs/notes/misc/SECURITY_ARCHIVER_PRODUCTION_READY.md","docs/notes/misc/SECURITY_ARCHIVER_PRODUCTION_READY.md"
"SECURITY_ARCHIVER_SYNTAX_FIXES.md","docs/notes/misc/SECURITY_ARCHIVER_SYNTAX_FIXES.md","docs/notes/misc/SECURITY_ARCHIVER_SYNTAX_FIXES.md"
"SECURITY_ARCHIVER_WORKING.md","docs/notes/misc/SECURITY_ARCHIVER_WORKING.md","docs/notes/misc/SECURITY_ARCHIVER_WORKING.md"
"SECURITY_NOTIFICATIONS_ARCHIVER_INTEGRATION.md","docs/notes/misc/SECURITY_NOTIFICATIONS_ARCHIVER_INTEGRATION.md","docs/notes/misc/SECURITY_NOTIFICATIONS_ARCHIVER_INTEGRATION.md"
"SESSION_COMPLETE_20251017.md","docs/status/2025-10/SESSION_COMPLETE_20251017.md","docs/status/2025-10/SESSION_COMPLETE_20251017.md"
"SOCM_48H_WATCH_SUMMARY_SCAFFOLD.md","docs/socm/misc/SOCM_48H_WATCH_SUMMARY_SCAFFOLD.md","docs/socm/misc/SOCM_48H_WATCH_SUMMARY_SCAFFOLD.md"
"SOCM_BUGFIX_DOUBLE_POST_PREVENTION.md","docs/socm/misc/SOCM_BUGFIX_DOUBLE_POST_PREVENTION.md","docs/socm/misc/SOCM_BUGFIX_DOUBLE_POST_PREVENTION.md"
"SOCM_FINAL_HANDOVER_VERIFICATION.md","docs/socm/misc/SOCM_FINAL_HANDOVER_VERIFICATION.md","docs/socm/misc/SOCM_FINAL_HANDOVER_VERIFICATION.md"
"SOCM_FIRST_24H_PLAYBOOK.md","docs/socm/misc/SOCM_FIRST_24H_PLAYBOOK.md","docs/socm/misc/SOCM_FIRST_24H_PLAYBOOK.md"
"SOCM_FIRST_POST_SUCCESS.md","docs/socm/misc/SOCM_FIRST_POST_SUCCESS.md","docs/socm/misc/SOCM_FIRST_POST_SUCCESS.md"
"SOCM_GATE_COMMENT_TEMPLATE.md","docs/socm/misc/SOCM_GATE_COMMENT_TEMPLATE.md","docs/socm/misc/SOCM_GATE_COMMENT_TEMPLATE.md"
"SOCM_GO_LIVE_EVIDENCE_SNAPSHOT.md","docs/socm/misc/SOCM_GO_LIVE_EVIDENCE_SNAPSHOT.md","docs/socm/misc/SOCM_GO_LIVE_EVIDENCE_SNAPSHOT.md"
"SOCM_GO_LIVE_RUNBOOK.md","docs/socm/misc/SOCM_GO_LIVE_RUNBOOK.md","docs/socm/misc/SOCM_GO_LIVE_RUNBOOK.md"
"SOCM_ICF_LESSON_ACCEPTANCE.md","docs/socm/misc/SOCM_ICF_LESSON_ACCEPTANCE.md","docs/socm/misc/SOCM_ICF_LESSON_ACCEPTANCE.md"
"SOCM_LAUNCH_CERTIFIED.md","docs/socm/misc/SOCM_LAUNCH_CERTIFIED.md","docs/socm/misc/SOCM_LAUNCH_CERTIFIED.md"
"SOCM_MILESTONE_A_COMPLETE.md","docs/socm/misc/SOCM_MILESTONE_A_COMPLETE.md","docs/socm/misc/SOCM_MILESTONE_A_COMPLETE.md"
"SOCM_MILESTONE_B_COMPLETE.md","docs/socm/misc/SOCM_MILESTONE_B_COMPLETE.md","docs/socm/misc/SOCM_MILESTONE_B_COMPLETE.md"
"SOCM_MILESTONE_B_READY.md","docs/socm/misc/SOCM_MILESTONE_B_READY.md","docs/socm/misc/SOCM_MILESTONE_B_READY.md"
"SOCM_MILESTONES_C_E_IMPLEMENTATION.md","docs/socm/misc/SOCM_MILESTONES_C_E_IMPLEMENTATION.md","docs/socm/misc/SOCM_MILESTONES_C_E_IMPLEMENTATION.md"
"SOCM_MILESTONES_C_E_ROADMAP.md","docs/socm/misc/SOCM_MILESTONES_C_E_ROADMAP.md","docs/socm/misc/SOCM_MILESTONES_C_E_ROADMAP.md"
"SOCM_OPERATIONAL_ACCEPTANCE.md","docs/socm/misc/SOCM_OPERATIONAL_ACCEPTANCE.md","docs/socm/misc/SOCM_OPERATIONAL_ACCEPTANCE.md"
"SOCM_OPERATIONAL_HANDOVER.md","docs/socm/misc/SOCM_OPERATIONAL_HANDOVER.md","docs/socm/misc/SOCM_OPERATIONAL_HANDOVER.md"
"SOCM_PRODUCTION_READY.md","docs/socm/misc/SOCM_PRODUCTION_READY.md","docs/socm/misc/SOCM_PRODUCTION_READY.md"
"SOCM_SESSION_FINAL_CLOSEOUT.md","docs/socm/misc/SOCM_SESSION_FINAL_CLOSEOUT.md","docs/socm/misc/SOCM_SESSION_FINAL_CLOSEOUT.md"
"SOCM_T48H_MINI_RETRO_TEMPLATE.md","docs/socm/misc/SOCM_T48H_MINI_RETRO_TEMPLATE.md","docs/socm/misc/SOCM_T48H_MINI_RETRO_TEMPLATE.md"
"SOCM_THREAD_PACK_DAY1.md","docs/socm/misc/SOCM_THREAD_PACK_DAY1.md","docs/socm/misc/SOCM_THREAD_PACK_DAY1.md"
"SOCM_THREAD_PACK_DAY2.md","docs/socm/misc/SOCM_THREAD_PACK_DAY2.md","docs/socm/misc/SOCM_THREAD_PACK_DAY2.md"
"SOCM_THREAD_PACK_DAY3.md","docs/socm/misc/SOCM_THREAD_PACK_DAY3.md","docs/socm/misc/SOCM_THREAD_PACK_DAY3.md"
"SOCM_WEEK1_POSTS_READY.md","docs/socm/misc/SOCM_WEEK1_POSTS_READY.md","docs/socm/misc/SOCM_WEEK1_POSTS_READY.md"
"SOCM_WEEK1_QUICK_REFERENCE.md","docs/socm/misc/SOCM_WEEK1_QUICK_REFERENCE.md","docs/socm/misc/SOCM_WEEK1_QUICK_REFERENCE.md"
"STAKEHOLDER_EXECUTIVE_BRIEF.md","docs/notes/misc/STAKEHOLDER_EXECUTIVE_BRIEF.md","docs/notes/misc/STAKEHOLDER_EXECUTIVE_BRIEF.md"
"STAKEHOLDER_IMPLEMENTATION_COMPLETE.md","docs/notes/misc/STAKEHOLDER_IMPLEMENTATION_COMPLETE.md","docs/notes/misc/STAKEHOLDER_IMPLEMENTATION_COMPLETE.md"
"STAKEHOLDER_REVIEW_PREPARATION.md","docs/notes/misc/STAKEHOLDER_REVIEW_PREPARATION.md","docs/notes/misc/STAKEHOLDER_REVIEW_PREPARATION.md"
"STATUS_PAGE_BROWSER_VALIDATION_20251013.md","docs/status/2025-10/STATUS_PAGE_BROWSER_VALIDATION_20251013.md","docs/status/2025-10/STATUS_PAGE_BROWSER_VALIDATION_20251013.md"
"STATUS.md","docs/status/misc/STATUS.md","docs/status/misc/STATUS.md"
"TASKS.md","docs/notes/misc/TASKS.md","docs/notes/misc/TASKS.md"
"TETRAGRAM_1.2_COMPLETE.md","docs/bosscat/misc/TETRAGRAM_1.2_COMPLETE.md","docs/bosscat/misc/TETRAGRAM_1.2_COMPLETE.md"
"TETRAGRAM_MIGRATION_COMPLETE.md","docs/bosscat/misc/TETRAGRAM_MIGRATION_COMPLETE.md","docs/bosscat/misc/TETRAGRAM_MIGRATION_COMPLETE.md"
"TETRAGRAM_PHASE1_EXECUTION_SUMMARY.md","docs/bosscat/misc/TETRAGRAM_PHASE1_EXECUTION_SUMMARY.md","docs/bosscat/misc/TETRAGRAM_PHASE1_EXECUTION_SUMMARY.md"
"TETRAGRAM_STATUS.md","docs/bosscat/misc/TETRAGRAM_STATUS.md","docs/bosscat/misc/TETRAGRAM_STATUS.md"
"TODO_NEXT_SESSION.md","docs/notes/misc/TODO_NEXT_SESSION.md","docs/notes/misc/TODO_NEXT_SESSION.md"
"VERIFICATION_READINESS_CHECKLIST.md","docs/gate/misc/VERIFICATION_READINESS_CHECKLIST.md","docs/gate/misc/VERIFICATION_READINESS_CHECKLIST.md"
"WORKFLOW_MANAGEMENT_REPORT_20251013.md","docs/notes/misc/WORKFLOW_MANAGEMENT_REPORT_20251013.md","docs/notes/misc/WORKFLOW_MANAGEMENT_REPORT_20251013.md"
"WORKING_TREE_CLEANUP_20251013.md","docs/status/2025-10/WORKING_TREE_CLEANUP_20251013.md","docs/status/2025-10/WORKING_TREE_CLEANUP_20251013.md"
