date,time_utc,post_id,type,text,placeholders,notes
2025-10-22,14:00,POST-001,mission,See pinned-post-template.txt,<STARTER_PACK_URL> <FEED_URLS>,Pin this after posting
2025-10-22,19:00,REPLY-001,reply,Reply CHECKLIST for our verification template,none,Reply to POST-001
2025-10-23,09:00,POST-002,thread,"🔍 How to spot a misleading claim in 60 seconds\n\nOur 3-question filter:\n\n1️⃣ ""Who benefits if I believe this?""\n2️⃣ ""Is the source verifiable?"" (name + link test)\n3️⃣ ""Does this match *two* independent outlets?""\n\nIf it fails #2 or #3 → flag as ""needs context.""\n\n🧵 Thread (1/3)\n\n#AntiClickbait #MediaLiteracy",none,Post 2/3 and 3/3 immediately after as replies
2025-10-24,14:00,POST-003,example,"⚡ Quick win: Spotted this viral claim yesterday:\n\n""<INSERT_TRENDING_CLAIM>""\n\nChecked with @fullfact.org + @factcheck.afp.com:\n• AFP: False (link)\n• Full Fact: Misleading (link)\n\nTime to verify: 90 seconds.\n\nThis is what evidence-first looks like.\n\n#AntiClickbait #Debunk",<TRENDING_CLAIM>,Find current trending debunk that week
2025-10-25,09:00,POST-004,promo,"🚀 New to fact-checking on Bluesky?\n\nStart here: <STARTER_PACK_URL>\n\n15 trusted sources + 3 custom feeds:\n✓ Fact-Check Firehose (official orgs)\n✓ OSINT + Verification (methods)\n✓ AntiClickbait HQ (community)\n\nOne click. All the signal.\n\n#AntiClickbait #StarterPack",<STARTER_PACK_URL>,Attach screenshot of Starter Pack page
2025-10-26,14:00,POST-005,spotlight,"🌟 Community Spotlight\n\nThis week @<ACCOUNT_NAME> published <DESCRIBE_POST>.\n\nWhy it matters:\n<2-3_SENTENCES>\n\nThis is the kind of work we highlight.\n\nSee more: <LINK_TO_POST>\n\n#AntiClickbait #CommunitySpotlight",<ACCOUNT_NAME> <DESCRIBE_POST> <LINK>,Quote-post the highlighted thread
2025-10-26,18:00,POST-006,recap,"📊 Week 1 Recap\n\nWhat we launched:\n✓ AntiClickbait Hub (hub.resonai.uk)\n✓ Starter Pack (15 sources + 3 feeds)\n✓ Verification method thread (3-question filter)\n\nWhat we verified:\n• <EXAMPLE_1>\n• <EXAMPLE_2>\n\nWhat's next:\n→ Weekly evidence threads\n→ Tool reviews\n→ Collab with fact-checkers\n\nThanks for joining. 🐾\n\n#AntiClickbait",<EXAMPLE_1> <EXAMPLE_2>,Update with actual claims verified
2025-10-28,12:00,POST-007,feeds,"📡 Three feeds to clean up your timeline\n\n1️⃣ Fact-Check Firehose\nReal-time debunks from verified orgs\n<FEED_1_URL>\n\n2️⃣ OSINT + Verification\nMethods from practitioners (Bellingcat, etc.)\n<FEED_2_URL>\n\n3️⃣ AntiClickbait HQ\nOur posts + community engagement\n<FEED_3_URL>\n\nAdd them → never miss a verified claim.\n\n#AntiClickbait #CustomFeeds",<FEED_1_URL> <FEED_2_URL> <FEED_3_URL>,Attach side-by-side screenshots

